UPN,Brand impersonation,Malicious URL reputation,Malware,Threats,Delete messages from Deleted Items folder,Failed log on,Suspicious Email,AvgProbability,UPN Count
Account,0.0,0.0,1.0,0.0,0.0,0.0,0.0,0.7333,1.0
Maerskshipping,0.0,0.0,1.0,0.0,0.0,0.0,0.0,0.7423,1.0
abby,0.0,0.0,2.0,0.0,0.0,0.0,0.0,0.7355,2.0
abhinaya.sathyanarayanan,0.0,0.0,0.0,0.0,4.0,0.0,0.0,0.7168,4.0
aditya.sahasrabudhe,0.0,0.0,4.0,0.0,0.0,0.0,0.0,0.7947,4.0
admin.itax2,0.0,0.0,1.0,1.0,0.0,0.0,0.0,0.7242,2.0
ahamed.marzuk,0.0,1.0,0.0,0.0,0.0,0.0,0.0,0.8494,1.0
ajay.singh,0.0,0.0,2.0,1.0,0.0,0.0,0.0,0.7786,3.0
ajayraghav,0.0,0.0,2.0,0.0,0.0,0.0,0.0,0.8035,2.0
ajeesh.mohamed,0.0,0.0,0.0,0.0,2.0,0.0,0.0,0.7206,2.0
ajeethkumar.thangaraj,0.0,0.0,0.0,0.0,2.0,0.0,0.0,0.7528,2.0
ajit.singh,0.0,0.0,2.0,1.0,0.0,0.0,0.0,0.7236,3.0
akanksha.rathi,0.0,0.0,1.0,0.0,0.0,0.0,0.0,0.7954,1.0
amit.dixit,0.0,0.0,1.0,0.0,12.0,1.0,0.0,0.8462,14.0
amit.waghmare,0.0,0.0,1.0,1.0,0.0,0.0,0.0,0.7661,2.0
amit2.jadhav,0.0,0.0,2.0,1.0,0.0,0.0,0.0,0.839,3.0
amjathkumar.murugan,0.0,0.0,0.0,0.0,1.0,0.0,0.0,0.8396,1.0
ana.itzcoalt,0.0,1.0,0.0,0.0,0.0,0.0,0.0,0.7681,1.0
anand.lakshmanan,0.0,0.0,0.0,0.0,1.0,0.0,0.0,0.7451,1.0
anandan.palanisamy,0.0,0.0,0.0,2.0,0.0,0.0,0.0,0.8517,2.0
anandraj.chinnathambi,0.0,0.0,0.0,0.0,1.0,0.0,0.0,0.8063,1.0
ananthi.karuppusamy,0.0,0.0,0.0,0.0,1.0,0.0,0.0,0.8632,1.0
andy,0.0,0.0,1.0,0.0,0.0,0.0,0.0,0.7236,1.0
angelica.montoya,0.0,1.0,0.0,0.0,0.0,0.0,0.0,0.7548,1.0
anil.singh,0.0,6.0,1.0,1.0,0.0,0.0,0.0,0.7153,8.0
ankit.kumar,0.0,0.0,0.0,0.0,0.0,1.0,0.0,0.7816,1.0
ankit.kumar,0.0,0.0,0.0,0.0,0.0,1.0,0.0,0.8259,1.0
ankurrohilla,0.0,0.0,2.0,0.0,0.0,0.0,0.0,0.8517,2.0
antonyja,0.0,0.0,2.0,1.0,0.0,1.0,0.0,0.7832,4.0
aravind.murugesan,0.0,1.0,0.0,0.0,0.0,0.0,0.0,0.8191,1.0
aravindhan.amaranathan,0.0,0.0,0.0,0.0,1.0,0.0,0.0,0.764,1.0
aravindhasamy.balasubramaniyam,0.0,0.0,0.0,0.0,4.0,0.0,0.0,0.8173,4.0
arulsakthivel.gopalan,2.0,2.0,0.0,0.0,0.0,0.0,0.0,0.8304,4.0
arulsvp,0.0,1.0,0.0,0.0,0.0,0.0,0.0,0.0,1.0
arun.kumarasamy,0.0,0.0,0.0,0.0,2.0,0.0,0.0,0.8052,2.0
arun.rajagopal,0.0,1.0,4.0,1.0,0.0,0.0,0.0,0.8201,6.0
arunkumar.palanisamy,0.0,0.0,0.0,0.0,1.0,1.0,0.0,0.7203,2.0
arunkumar.sekar,0.0,0.0,1.0,1.0,0.0,0.0,0.0,0.8462,2.0
arunkumar.venugopal,0.0,0.0,0.0,0.0,1.0,0.0,0.0,0.7974,1.0
arunpranesh.maria,0.0,0.0,0.0,0.0,1.0,0.0,0.0,0.7856,1.0
arunprasad.kanagaraj,0.0,0.0,0.0,0.0,3.0,1.0,0.0,0.7465,4.0
arvind.bhuvad,0.0,0.0,1.0,0.0,0.0,0.0,0.0,0.8021,1.0
ashishsrivastava,0.0,0.0,1.0,1.0,0.0,0.0,0.0,0.8059,2.0
ashok.balaraman,0.0,0.0,0.0,0.0,3.0,0.0,0.0,0.8097,3.0
ashwani.dhiman,0.0,0.0,3.0,2.0,0.0,0.0,0.0,0.7719,5.0
ashwin.balan,0.0,0.0,0.0,0.0,4.0,2.0,0.0,0.748,6.0
avadhut.patil,0.0,0.0,0.0,0.0,0.0,1.0,0.0,0.7486,1.0
avadhut.patil,0.0,0.0,0.0,0.0,0.0,1.0,0.0,0.8305,1.0
babu.rajendraprasad,0.0,1.0,0.0,0.0,0.0,0.0,0.0,0.8014,1.0
balaji.krishnamoorthy,0.0,0.0,0.0,0.0,2.0,0.0,0.0,0.8686,2.0
balajiv,2.0,0.0,0.0,0.0,1.0,0.0,0.0,0.7814,3.0
balakumar.palanisamy,0.0,0.0,0.0,0.0,2.0,0.0,0.0,0.7548,2.0
balasubramanian.duraisamy,0.0,0.0,1.0,0.0,4.0,1.0,0.0,0.8294,6.0
bharathiraja.thanikachalam,0.0,0.0,1.0,0.0,0.0,0.0,0.0,0.8052,1.0
billsreceivable,0.0,0.0,4.0,0.0,0.0,0.0,0.0,0.7487,4.0
boopathyraj.venkatachalam,0.0,0.0,0.0,0.0,3.0,2.0,0.0,0.8297,5.0
boovarahan.alagar,0.0,0.0,0.0,0.0,1.0,0.0,0.0,0.8212,1.0
brennan,0.0,0.0,3.0,0.0,0.0,0.0,0.0,0.7276,3.0
chandan.kumar,0.0,3.0,0.0,0.0,0.0,0.0,0.0,0.8624,3.0
chandramohan.subramaniam,0.0,0.0,0.0,0.0,2.0,0.0,0.0,0.7378,2.0
chandramohanr,0.0,0.0,1.0,1.0,0.0,0.0,0.0,0.8574,2.0
chandrasekar.moorthy,0.0,0.0,0.0,0.0,1.0,0.0,0.0,0.8318,1.0
chandru.manoharan,4.0,3.0,2.0,1.0,0.0,0.0,0.0,0.7617,10.0
chenthamil.krishnasamyperumal,0.0,6.0,81.0,26.0,0.0,0.0,0.0,0.7952,113.0
chithiraiselvi.rajan,0.0,1.0,7.0,0.0,3.0,0.0,0.0,0.7375,11.0
christopher.david,0.0,0.0,0.0,1.0,0.0,0.0,0.0,0.7959,1.0
christopherjabarajd,0.0,1.0,4.0,0.0,0.0,0.0,0.0,0.8119,5.0
city,0.0,11.0,36.0,39.0,0.0,0.0,0.0,0.8051,86.0
contact,0.0,0.0,1.0,0.0,0.0,0.0,0.0,0.8145,1.0
coordinator,0.0,1.0,1.0,0.0,0.0,0.0,0.0,0.8633,2.0
crisin.john,0.0,0.0,0.0,0.0,1.0,0.0,0.0,0.8216,1.0
cs,0.0,1.0,10.0,4.0,0.0,0.0,0.0,0.7904,15.0
customerreceivables-finance,0.0,0.0,0.0,0.0,2.0,0.0,0.0,0.717,2.0
customerservice,0.0,0.0,1.0,1.0,0.0,0.0,0.0,0.7153,2.0
dalbiryadav,2.0,0.0,1.0,1.0,0.0,0.0,0.0,0.8298,4.0
deebika.subramani,0.0,0.0,0.0,0.0,1.0,0.0,0.0,0.7846,1.0
deepak.jangra,0.0,0.0,1.0,1.0,0.0,0.0,0.0,0.8229,2.0
deepak.kaswa,0.0,0.0,1.0,1.0,0.0,0.0,0.0,0.74,2.0
deepakbist,0.0,1.0,1.0,0.0,0.0,0.0,0.0,0.8014,2.0
deepakdhoundiyal,0.0,1.0,0.0,0.0,5.0,1.0,0.0,0.8587,7.0
devaraj.balakrishnan,0.0,0.0,1.0,0.0,0.0,0.0,0.0,0.8423,1.0
devender.kumar,0.0,0.0,1.0,1.0,0.0,0.0,0.0,0.7612,2.0
devprakash,0.0,0.0,1.0,1.0,0.0,0.0,0.0,0.8056,2.0
dhamodharan.kesavan,0.0,0.0,2.0,1.0,0.0,0.0,0.0,0.7248,3.0
dhanagopal.devaraj,0.0,0.0,1.0,1.0,0.0,0.0,0.0,0.722,2.0
dhandapani.perumal,0.0,0.0,0.0,0.0,1.0,0.0,0.0,0.8146,1.0
dhanesh.joshi,0.0,0.0,1.0,1.0,0.0,0.0,0.0,0.7552,2.0
dheerendra.kumar,0.0,0.0,1.0,1.0,0.0,0.0,0.0,0.7705,2.0
dheerendralohani,0.0,1.0,0.0,0.0,0.0,0.0,0.0,0.8442,1.0
dineshkumar.thangaraj,0.0,0.0,0.0,0.0,2.0,0.0,0.0,0.831,2.0
divya.mehta,0.0,0.0,0.0,0.0,6.0,1.0,0.0,0.8343,7.0
divya.ramachandran,0.0,0.0,0.0,0.0,1.0,0.0,0.0,0.7929,1.0
donotreply,0.0,0.0,1.0,0.0,0.0,0.0,0.0,0.8011,1.0
eblin.nesayyan,0.0,0.0,1.0,0.0,0.0,0.0,0.0,0.7562,1.0
eswaramoorthi.palanisamy,0.0,0.0,0.0,0.0,0.0,1.0,0.0,0.8469,1.0
falmeida,0.0,0.0,0.0,0.0,4.0,2.0,0.0,0.7969,6.0
farayi.zvavamwe,0.0,1.0,0.0,0.0,0.0,0.0,0.0,0.7675,1.0
fay,0.0,0.0,3.0,0.0,0.0,0.0,0.0,0.7761,3.0
frontoffice,1.0,0.0,0.0,0.0,0.0,0.0,0.0,0.8375,1.0
ganesan.rajen,0.0,0.0,1.0,1.0,0.0,0.0,0.0,0.7672,2.0
ganesh,0.0,0.0,21.0,7.0,0.0,0.0,0.0,0.741,28.0
ganesh.manickam,0.0,0.0,0.0,0.0,15.0,0.0,0.0,0.842,15.0
ganeshkumar.subbaiyan,0.0,0.0,0.0,0.0,1.0,0.0,0.0,0.7277,1.0
girish.singh,0.0,0.0,1.0,0.0,0.0,0.0,0.0,0.8351,1.0
gokulraj.ponnusamy,0.0,0.0,1.0,1.0,0.0,0.0,0.0,0.7946,2.0
gopalswamy.nachimuthu,0.0,0.0,0.0,0.0,5.0,0.0,0.0,0.8221,5.0
gopi.mannar,0.0,0.0,0.0,0.0,2.0,2.0,0.0,0.8092,4.0
gowthaman.palaniswamy,0.0,0.0,1.0,0.0,0.0,0.0,0.0,0.8438,1.0
gst,0.0,1.0,1.0,0.0,0.0,0.0,0.0,0.7956,2.0
gunjan.singh,0.0,0.0,0.0,0.0,3.0,0.0,0.0,0.8664,3.0
gupta.svb,0.0,0.0,1.0,0.0,0.0,0.0,0.0,0.8519,1.0
guruprasad.rajendran,0.0,2.0,0.0,1.0,0.0,0.0,0.0,0.7876,3.0
hamsarani.sathyanarayanan,0.0,0.0,1.0,0.0,0.0,0.0,0.0,0.8355,1.0
hanmant.bhise,0.0,1.0,0.0,0.0,8.0,0.0,0.0,0.823,9.0
hargovind.sharma,0.0,0.0,0.0,0.0,1.0,0.0,0.0,0.7798,1.0
hariharan.sundararajan,0.0,0.0,2.0,1.0,0.0,0.0,0.0,0.8259,3.0
hariharan.tamilarasu,0.0,0.0,3.0,1.0,0.0,0.0,0.0,0.7989,4.0
hariharan.thiyagarajan,0.0,0.0,0.0,0.0,1.0,0.0,0.0,0.8404,1.0
harish.indaran,0.0,0.0,0.0,0.0,1.0,0.0,0.0,0.8296,1.0
harishkumar.hooda,0.0,0.0,2.0,0.0,0.0,0.0,0.0,0.784,2.0
hcardoso,0.0,1.0,0.0,0.0,0.0,0.0,0.0,0.8636,1.0
hemant.singh,0.0,0.0,1.0,0.0,0.0,1.0,0.0,0.7528,2.0
hirandharan,0.0,0.0,1.0,0.0,0.0,0.0,0.0,0.8572,1.0
hooda.harish72,0.0,0.0,1.0,0.0,0.0,0.0,0.0,0.0,1.0
hsr,0.0,0.0,0.0,1.0,0.0,0.0,0.0,0.7943,1.0
imrankhan.noormohamed,0.0,0.0,0.0,0.0,1.0,0.0,0.0,0.7955,1.0
info,0.0,1.0,0.0,0.0,0.0,0.0,0.0,0.7885,1.0
info,0.0,1.0,2.0,2.0,0.0,0.0,0.0,0.7885,5.0
info,0.0,1.0,0.0,0.0,0.0,0.0,0.0,0.7885,1.0
invent,0.0,3.0,13.0,9.0,0.0,0.0,0.0,0.7772,25.0
investor,0.0,0.0,5.0,0.0,0.0,0.0,0.0,0.8488,5.0
ippl,0.0,0.0,4.0,0.0,0.0,0.0,0.0,0.8,4.0
iraahuja,0.0,0.0,1.0,0.0,3.0,1.0,0.0,0.8222,5.0
itsupport.plant9,0.0,0.0,0.0,0.0,1.0,0.0,0.0,0.0,1.0
jagat.singh,0.0,0.0,0.0,0.0,1.0,0.0,0.0,0.7111,1.0
jayaramp,0.0,0.0,0.0,0.0,1.0,4.0,0.0,0.7404,5.0
jeeva.vellaisamy,0.0,1.0,0.0,0.0,0.0,0.0,0.0,0.7868,1.0
jos,0.0,0.0,2.0,2.0,2.0,0.0,0.0,0.8163,6.0
jude.arulnathan,0.0,0.0,1.0,0.0,0.0,0.0,0.0,0.7488,1.0
kalaiselvan.avidaikkutty,0.0,1.0,1.0,0.0,0.0,0.0,0.0,0.7796,2.0
kanagaraj.govindasamy,0.0,0.0,0.0,0.0,31.0,1.0,0.0,0.8505,32.0
karchiappan.natarajan,0.0,0.0,0.0,0.0,1.0,0.0,0.0,0.7199,1.0
karthick.muniyappan,0.0,0.0,1.0,1.0,0.0,0.0,0.0,0.8228,2.0
karthick.sankaran,0.0,2.0,0.0,0.0,0.0,0.0,0.0,0.755,2.0
karthik.bhojan,0.0,3.0,0.0,0.0,0.0,0.0,0.0,0.82,3.0
karthik.chinnasamy,0.0,0.0,0.0,0.0,2.0,0.0,0.0,0.862,2.0
karthik.karuppusamy,0.0,0.0,0.0,0.0,2.0,0.0,0.0,0.7246,2.0
karthik.ramadoss,0.0,0.0,0.0,0.0,1.0,0.0,0.0,0.712,1.0
karthik.sudevan,0.0,0.0,0.0,0.0,1.0,0.0,0.0,0.8462,1.0
karthik.sudevan,0.0,0.0,0.0,0.0,1.0,0.0,0.0,0.752,1.0
karthika.v,0.0,1.0,0.0,0.0,0.0,0.0,0.0,0.7421,1.0
karthikeyan.palanisamy,0.0,0.0,1.0,0.0,0.0,0.0,0.0,0.8519,1.0
karthikeyan.sampathkumar,0.0,0.0,1.0,0.0,0.0,0.0,0.0,0.8076,1.0
karthikeyan.selvaraj,0.0,0.0,0.0,0.0,1.0,0.0,0.0,0.7513,1.0
karthikeyan.sivakumar,0.0,0.0,0.0,0.0,2.0,0.0,0.0,0.8479,2.0
kaushlendrasingh,0.0,1.0,0.0,0.0,0.0,0.0,0.0,0.8367,1.0
kishorekumar.andrews,0.0,0.0,2.0,0.0,0.0,0.0,0.0,0.7695,2.0
kowsikan.rathinasamy,0.0,2.0,3.0,1.0,0.0,0.0,0.0,0.7884,6.0
kumaralingamv,0.0,0.0,0.0,0.0,2.0,2.0,0.0,0.7873,4.0
kumuthavalli.loganathan,0.0,0.0,0.0,0.0,1.0,0.0,0.0,0.7212,1.0
kuppusamys,0.0,0.0,1.0,1.0,0.0,0.0,0.0,0.8365,2.0
lalit.joshi,0.0,0.0,0.0,0.0,5.0,1.0,0.0,0.7132,6.0
lalit.mohan,0.0,1.0,1.0,0.0,0.0,0.0,0.0,0.7759,2.0
latha.marudhachalam,0.0,0.0,0.0,0.0,1.0,0.0,0.0,0.8495,1.0
lib-finance,0.0,0.0,1.0,0.0,0.0,0.0,0.0,0.8629,1.0
libmcs,0.0,0.0,1.0,1.0,0.0,0.0,0.0,0.8568,2.0
liboffice,0.0,0.0,2.0,2.0,0.0,0.0,0.0,0.7926,4.0
libpurchase,0.0,0.0,1.0,0.0,0.0,0.0,0.0,0.7403,1.0
luis.gasparini,0.0,0.0,0.0,0.0,1.0,0.0,0.0,0.7323,1.0
madhavaraj.guru,0.0,0.0,0.0,0.0,1.0,0.0,0.0,0.8496,1.0
madhu.ramsingh,0.0,0.0,0.0,0.0,1.0,0.0,0.0,0.7476,1.0
magesh.subramanian,0.0,0.0,1.0,0.0,0.0,0.0,0.0,0.7812,1.0
mahendran.krishnasamy,0.0,1.0,1.0,0.0,0.0,1.0,0.0,0.7888,3.0
malarvalan,0.0,1.0,0.0,0.0,0.0,0.0,0.0,0.0,1.0
mandeep.saxena,0.0,0.0,0.0,0.0,2.0,1.0,0.0,0.8557,3.0
manikandan.jagatheesan,0.0,0.0,0.0,0.0,0.0,1.0,0.0,0.7254,1.0
manikandan.rajamani,0.0,0.0,2.0,0.0,0.0,0.0,0.0,0.7702,2.0
manikandan.sethuraajan,0.0,1.0,0.0,0.0,0.0,0.0,0.0,0.8645,1.0
manishankar.baskaran,0.0,0.0,0.0,0.0,1.0,1.0,0.0,0.8097,2.0
manishnangia,0.0,1.0,0.0,0.0,0.0,0.0,0.0,0.8454,1.0
mansoorahamed.musthafa,0.0,0.0,1.0,0.0,0.0,1.0,1.0,0.7925,3.0
maruthachalam.palaniappan,0.0,0.0,2.0,0.0,0.0,0.0,0.0,0.7442,2.0
megala.muthusamy,0.0,0.0,0.0,0.0,1.0,0.0,0.0,0.8111,1.0
mohammedali.yakubali,0.0,0.0,0.0,0.0,0.0,1.0,0.0,0.8191,1.0
mohan.karuppanasamy,0.0,0.0,0.0,0.0,2.0,0.0,0.0,0.8413,2.0
mohan.krishnan,0.0,0.0,1.0,0.0,0.0,0.0,0.0,0.7346,1.0
mohan.sivaraj,0.0,1.0,0.0,0.0,1.0,1.0,0.0,0.7887,3.0
mohankumar.rangaraj,0.0,1.0,0.0,0.0,0.0,0.0,0.0,0.8494,1.0
mohanraj.muthuswamy,0.0,0.0,2.0,0.0,0.0,0.0,0.0,0.7583,2.0
mohmmdyunus,0.0,0.0,2.0,1.0,0.0,0.0,0.0,0.8056,3.0
mohsin.lalkhan,0.0,0.0,0.0,0.0,0.0,1.0,0.0,0.7707,1.0
mukeshkumar.nagalingam,0.0,1.0,0.0,0.0,0.0,0.0,0.0,0.7584,1.0
munichamy.gurusamy,0.0,0.0,1.0,0.0,1.0,0.0,0.0,0.8096,2.0
murali.ranganathan,0.0,0.0,1.0,1.0,0.0,0.0,0.0,0.8204,2.0
muralidaran.m,0.0,0.0,0.0,0.0,0.0,1.0,0.0,0.7637,1.0
muralitharan.athikesavan,0.0,0.0,0.0,0.0,1.0,0.0,0.0,0.8455,1.0
murugesan.velayutham,0.0,0.0,1.0,0.0,1.0,1.0,0.0,0.8284,3.0
muthukumar.vellingiri,0.0,0.0,1.0,0.0,1.0,0.0,0.0,0.7618,2.0
muthukumar.vellingiri,0.0,0.0,1.0,0.0,1.0,0.0,0.0,0.7675,2.0
mythili.chandrasekaran,0.0,0.0,0.0,0.0,5.0,1.0,0.0,0.7467,6.0
namasivayam.jaganathan,2.0,0.0,0.0,0.0,0.0,0.0,0.0,0.8311,2.0
naveenkumar.r,0.0,1.0,0.0,0.0,0.0,0.0,0.0,0.7394,1.0
neeraj.chauhan,0.0,0.0,0.0,0.0,6.0,0.0,0.0,0.8159,6.0
nilesh.bhuvad,0.0,0.0,0.0,0.0,3.0,0.0,0.0,0.8731,3.0
nilesh.warekar,0.0,0.0,0.0,0.0,1.0,0.0,0.0,0.7852,1.0
nilton.resende,0.0,0.0,1.0,0.0,0.0,0.0,0.0,0.7322,1.0
nishanth.vasanthan,0.0,0.0,0.0,2.0,0.0,0.0,0.0,0.7764,2.0
nithya.manoharan,0.0,0.0,0.0,0.0,1.0,0.0,0.0,0.815,1.0
no-reply,0.0,1.0,0.0,0.0,0.0,0.0,0.0,0.7219,1.0
nopit,0.0,0.0,3.0,3.0,0.0,0.0,0.0,0.8565,6.0
noreply,0.0,1.0,0.0,0.0,0.0,0.0,0.0,0.8434,1.0
operationexcellent-1,0.0,1.0,0.0,0.0,0.0,0.0,0.0,0.7295,1.0
p3-stores,0.0,0.0,0.0,0.0,1.0,0.0,0.0,0.8155,1.0
p3gatecontrol,0.0,0.0,1.0,0.0,0.0,0.0,0.0,0.7262,1.0
p5inprocessaudit,0.0,0.0,0.0,0.0,2.0,0.0,0.0,0.8004,2.0
p5receipt,0.0,0.0,0.0,0.0,2.0,0.0,0.0,0.8038,2.0
palanisamy.varatharaju,0.0,0.0,0.0,0.0,3.0,0.0,0.0,0.8484,3.0
pankajbisht,0.0,0.0,0.0,0.0,4.0,1.0,0.0,0.715,5.0
parameswaranar,0.0,0.0,4.0,0.0,0.0,0.0,0.0,0.83,4.0
partheeban.mariaxavier,0.0,0.0,1.0,0.0,6.0,1.0,0.0,0.7728,8.0
pasupathy.ramadas,0.0,0.0,2.0,0.0,0.0,0.0,0.0,0.8341,2.0
patsorn,0.0,0.0,1.0,1.0,0.0,0.0,0.0,0.8193,2.0
pdb_scanner,0.0,0.0,0.0,0.0,1.0,2.0,0.0,0.8555,3.0
pde_peil,0.0,0.0,0.0,0.0,1.0,0.0,0.0,0.767,1.0
phelics.joseph,0.0,0.0,0.0,0.0,1.0,0.0,0.0,0.8535,1.0
plant1.itfms,4.0,3.0,1.0,2.0,19.0,0.0,0.0,0.8484,29.0
plant2,0.0,1.0,15.0,9.0,0.0,0.0,0.0,0.8636,25.0
plant2.printing,0.0,0.0,0.0,0.0,2.0,0.0,0.0,0.0,2.0
plant3fr,0.0,0.0,1.0,1.0,0.0,0.0,0.0,0.864,2.0
plant5.ppc,0.0,0.0,0.0,0.0,1.0,0.0,0.0,0.0,1.0
plant7,0.0,1.0,1.0,0.0,0.0,0.0,0.0,0.8572,2.0
prabhakaran.palanisami,0.0,0.0,0.0,0.0,3.0,0.0,0.0,0.7764,3.0
prabhakaran.sundarapandian,0.0,0.0,1.0,0.0,0.0,0.0,0.0,0.7365,1.0
prabhu.nandhi,2.0,0.0,0.0,2.0,0.0,0.0,0.0,0.7511,4.0
prabhudev.vijayan,1.0,0.0,0.0,0.0,0.0,0.0,0.0,0.8149,1.0
prabu.subramanian,0.0,0.0,1.0,0.0,0.0,0.0,0.0,0.7524,1.0
pradeep.vijayan,0.0,0.0,1.0,2.0,0.0,0.0,0.0,0.8644,3.0
prakash.ponnusamy,0.0,0.0,1.0,0.0,1.0,0.0,0.0,0.7286,2.0
prasad.sivasamy,0.0,0.0,0.0,0.0,1.0,0.0,0.0,0.8202,1.0
praveenkumar.nataraj,0.0,0.0,0.0,0.0,0.0,1.0,0.0,0.7931,1.0
praveenraj.senthilkumar,0.0,1.0,0.0,0.0,0.0,0.0,0.0,0.7282,1.0
pravin,1.0,1.0,0.0,0.0,0.0,0.0,0.0,0.7941,2.0
prem.sharma,0.0,1.0,0.0,0.0,0.0,0.0,0.0,0.8212,1.0
premkumar.karuppusamy,0.0,0.0,0.0,0.0,1.0,0.0,0.0,0.8426,1.0
premramesh.sk,0.0,1.0,0.0,0.0,1.0,0.0,0.0,0.8558,2.0
ptyagi,0.0,0.0,1.0,0.0,0.0,0.0,0.0,0.7375,1.0
qe-giipumps,0.0,0.0,1.0,0.0,38.0,1.0,0.0,0.7981,40.0
radheeshbabu,0.0,0.0,0.0,1.0,0.0,0.0,0.0,0.7243,1.0
ragul.kanapathy,0.0,0.0,0.0,0.0,1.0,0.0,0.0,0.7483,1.0
raja.andithevar,0.0,0.0,0.0,0.0,3.0,0.0,0.0,0.7933,3.0
raja.yelimbeti,0.0,0.0,0.0,0.0,1.0,1.0,0.0,0.8545,2.0
rajaganesan.siva,0.0,0.0,0.0,0.0,2.0,0.0,0.0,0.752,2.0
rajagopal,0.0,1.0,3.0,1.0,0.0,0.0,0.0,0.8266,5.0
rajagopalan.ponnusamy,0.0,0.0,0.0,1.0,0.0,0.0,0.0,0.7224,1.0
rajanrk,0.0,2.0,0.0,2.0,0.0,0.0,0.0,0.7636,4.0
rajasekaran.mohanakrishnan,0.0,0.0,2.0,0.0,0.0,0.0,0.0,0.7494,2.0
rajasekarp,0.0,0.0,0.0,0.0,1.0,2.0,0.0,0.7751,3.0
rajendrakumar.dalai,0.0,0.0,0.0,0.0,0.0,1.0,0.0,0.7894,1.0
rajendran.rangaraju,0.0,1.0,0.0,0.0,0.0,0.0,0.0,0.8412,1.0
rajeshwari.gopal,0.0,1.0,0.0,0.0,0.0,0.0,0.0,0.8615,1.0
rajiv.saxena,0.0,3.0,0.0,0.0,0.0,0.0,0.0,0.8123,3.0
rajivgandhi.venugopal,0.0,0.0,1.0,1.0,0.0,0.0,0.0,0.827,2.0
rajkumar.arumugam,0.0,0.0,0.0,0.0,4.0,1.0,0.0,0.8063,5.0
rajneesh.pathak,0.0,0.0,0.0,0.0,1.0,0.0,0.0,0.7402,1.0
rakesh.sharma,0.0,0.0,1.0,0.0,0.0,0.0,0.0,0.796,1.0
ramanathan.jayakumar,0.0,0.0,6.0,0.0,0.0,1.0,0.0,0.8283,7.0
ramaraj.govindaraj,0.0,0.0,3.0,0.0,0.0,0.0,0.0,0.7587,3.0
ramasubramania.raja,0.0,0.0,1.0,0.0,0.0,0.0,0.0,0.84,1.0
ramathilak,0.0,0.0,1.0,2.0,0.0,0.0,0.0,0.7498,3.0
ramesh.desingh,0.0,0.0,2.0,0.0,0.0,0.0,0.0,0.7597,2.0
ramkumar.ramasamy,0.0,2.0,0.0,1.0,0.0,0.0,0.0,0.7992,3.0
ramkumar.somasundaram,0.0,1.0,5.0,0.0,0.0,0.0,0.0,0.8058,6.0
ranjithkumar.nagaraj,0.0,0.0,0.0,0.0,0.0,1.0,0.0,0.8272,1.0
rathinaraja.ayyamperumal,1.0,0.0,0.0,0.0,0.0,0.0,0.0,0.748,1.0
ravi.balasubramaniam,0.0,1.0,0.0,0.0,0.0,0.0,0.0,0.8412,1.0
ravi.pappuswamy,0.0,0.0,0.0,0.0,1.0,0.0,0.0,0.7971,1.0
ravikumar.rathinavelu,0.0,0.0,2.0,0.0,0.0,0.0,0.0,0.8149,2.0
rekha.jayachandran,0.0,0.0,0.0,0.0,1.0,0.0,0.0,0.858,1.0
rodrigo.nunes,0.0,1.0,1.0,0.0,0.0,0.0,0.0,0.7354,2.0
rubel.kristy,0.0,0.0,0.0,0.0,2.0,0.0,0.0,0.7538,2.0
sachin.tyagi,0.0,0.0,0.0,1.0,0.0,0.0,0.0,0.816,1.0
sadham.jahir,0.0,0.0,1.0,0.0,0.0,0.0,0.0,0.7561,1.0
sagar.chaudhari,0.0,0.0,0.0,0.0,2.0,0.0,0.0,0.8536,2.0
sagar.praburaj,0.0,0.0,0.0,0.0,1.0,0.0,0.0,0.8247,1.0
sajitha.rajendran,0.0,0.0,0.0,0.0,1.0,0.0,0.0,0.7677,1.0
sakthivel.venkatachalam,0.0,0.0,2.0,0.0,0.0,0.0,0.0,0.7905,2.0
sale,0.0,0.0,1.0,1.0,0.0,0.0,0.0,0.7963,2.0
saleemrajaa,0.0,1.0,0.0,0.0,0.0,0.0,0.0,0.748,1.0
sales,0.0,0.0,1.0,1.0,0.0,0.0,0.0,0.8627,2.0
salescoordinator,0.0,1.0,1.0,0.0,0.0,0.0,0.0,0.8298,2.0
sampat.gunjawate,0.0,0.0,1.0,0.0,4.0,1.0,0.0,0.8274,6.0
sampathkumar.g,0.0,0.0,1.0,0.0,0.0,0.0,0.0,0.786,1.0
sampathkumar.ganesan,0.0,0.0,1.0,0.0,0.0,0.0,0.0,0.8218,1.0
sampathkumar.natarajan,0.0,1.0,0.0,0.0,0.0,0.0,0.0,0.7282,1.0
sampathv,0.0,0.0,1.0,0.0,0.0,0.0,0.0,0.8268,1.0
sanat,0.0,0.0,1.0,0.0,0.0,0.0,0.0,0.7364,1.0
sandeep,0.0,0.0,3.0,0.0,0.0,0.0,0.0,0.7366,3.0
sandeep.joshi,0.0,0.0,1.0,0.0,0.0,0.0,0.0,0.7574,1.0
sangram.jadhav,0.0,0.0,1.0,0.0,0.0,0.0,0.0,0.8593,1.0
sanjay.nadkar,0.0,0.0,0.0,0.0,1.0,0.0,0.0,0.7937,1.0
sanjeev.kumar,0.0,0.0,1.0,0.0,0.0,0.0,0.0,0.8082,1.0
sanjeevgaur,0.0,0.0,1.0,0.0,0.0,0.0,0.0,0.8456,1.0
sanmugavel.ramasamy,0.0,0.0,0.0,0.0,2.0,0.0,0.0,0.8674,2.0
santhanam.ponraj,0.0,0.0,0.0,0.0,0.0,2.0,0.0,0.7606,2.0
santhosh.venkatesan,0.0,0.0,1.0,0.0,5.0,0.0,0.0,0.8349,6.0
santhoshkumar.thiyagarajan,0.0,0.0,1.0,0.0,2.0,0.0,0.0,0.792,3.0
saran.karthi,0.0,2.0,0.0,0.0,0.0,0.0,0.0,0.7375,2.0
saravanaa.ramasamy,0.0,0.0,1.0,0.0,0.0,0.0,0.0,0.7229,1.0
saravanakumar.ranganathan,0.0,0.0,2.0,0.0,0.0,0.0,0.0,0.8495,2.0
saravanan.devaraj,0.0,0.0,2.0,0.0,0.0,0.0,0.0,0.8164,2.0
saravanan.mohan,0.0,1.0,0.0,0.0,1.0,0.0,0.0,0.803,2.0
sarfaraj.ahamad,0.0,0.0,1.0,0.0,0.0,0.0,0.0,0.8425,1.0
sasivarathan.venkatapathy,0.0,0.0,0.0,0.0,3.0,1.0,0.0,0.8279,4.0
satheesh.palanisamy,0.0,0.0,1.0,0.0,1.0,0.0,0.0,0.7659,2.0
sathishkumar.balasundram,0.0,0.0,0.0,0.0,0.0,2.0,0.0,0.8088,2.0
sathiyanarayanan.muthukrishnan,0.0,0.0,1.0,0.0,0.0,0.0,0.0,0.7598,1.0
sathyamoorthy.packirisamy,0.0,0.0,0.0,0.0,1.0,1.0,0.0,0.8173,2.0
sathyamurthy.nallathambi,0.0,0.0,0.0,0.0,0.0,1.0,0.0,0.7698,1.0
sathyase,2.0,0.0,1.0,0.0,0.0,0.0,0.0,0.7151,3.0
sathyaseelan.duraisamy,0.0,0.0,2.0,0.0,0.0,0.0,0.0,0.8136,2.0
sathyaseeland,0.0,1.0,0.0,0.0,0.0,0.0,0.0,0.8629,1.0
satishkumar.nanjundan,0.0,0.0,1.0,0.0,0.0,0.0,0.0,0.7995,1.0
satishkumar.rangasamy,0.0,2.0,0.0,0.0,0.0,0.0,0.0,0.8244,2.0
selma,0.0,0.0,1.0,1.0,0.0,0.0,0.0,0.717,2.0
selvakumar.murugan,0.0,0.0,0.0,0.0,3.0,0.0,0.0,0.7815,3.0
selvakumar.sellamuthu,0.0,0.0,0.0,0.0,0.0,1.0,0.0,0.8017,1.0
selvarajk,1.0,0.0,1.0,2.0,0.0,0.0,0.0,0.7864,4.0
senthilbd,0.0,0.0,0.0,0.0,1.0,1.0,0.0,0.7517,2.0
senthilkumar.shunmugasundaram,0.0,0.0,0.0,0.0,1.0,0.0,0.0,0.8444,1.0
senthilkumarbd,0.0,0.0,0.0,0.0,5.0,1.0,0.0,0.7223,6.0
senthilmurugank,0.0,0.0,1.0,0.0,0.0,0.0,0.0,0.8347,1.0
senthilnathan.pachamuthu,0.0,0.0,1.0,0.0,2.0,2.0,0.0,0.8278,5.0
senthilrpde,0.0,0.0,1.0,0.0,1.0,1.0,0.0,0.7646,3.0
seshadri,0.0,0.0,0.0,0.0,2.0,1.0,0.0,0.8721,3.0
shaikh.alauddin,0.0,0.0,0.0,0.0,1.0,0.0,0.0,0.7618,1.0
shailendrajha,0.0,0.0,2.0,0.0,0.0,0.0,0.0,0.7377,2.0
sheikshabjan.janbasha,0.0,0.0,0.0,0.0,1.0,0.0,0.0,0.7783,1.0
shivrajtupe,0.0,0.0,1.0,0.0,0.0,0.0,0.0,0.8171,1.0
shripad.kalamdane,0.0,1.0,0.0,0.0,0.0,0.0,0.0,0.8609,1.0
shyamsundar.b,0.0,0.0,1.0,1.0,0.0,0.0,0.0,0.7481,2.0
siddharth.manoharan,0.0,3.0,0.0,0.0,0.0,0.0,0.0,0.8143,3.0
sivakumar.viswanathan,0.0,0.0,2.0,0.0,0.0,0.0,0.0,0.8403,2.0
sivasakthi.murugesan,0.0,0.0,4.0,0.0,1.0,0.0,0.0,0.8324,5.0
sivasankarankv,0.0,0.0,0.0,1.0,0.0,0.0,0.0,0.7378,1.0
sneha.devan,0.0,0.0,3.0,0.0,0.0,0.0,0.0,0.7805,3.0
snehasish.tripathy,0.0,0.0,1.0,0.0,0.0,0.0,0.0,0.7385,1.0
somasundaramn,0.0,1.0,1.0,2.0,0.0,0.0,0.0,0.8631,4.0
sougata.dey,0.0,0.0,2.0,0.0,0.0,0.0,0.0,0.7607,2.0
soundappan.arumugam,0.0,0.0,1.0,0.0,0.0,0.0,0.0,0.7692,1.0
spiceworks,0.0,0.0,0.0,0.0,3.0,3.0,0.0,0.8496,6.0
spindlemanufacturingshop,0.0,0.0,1.0,0.0,0.0,0.0,0.0,0.7825,1.0
sridevip,0.0,0.0,2.0,0.0,0.0,0.0,0.0,0.8479,2.0
sridharj,2.0,0.0,0.0,0.0,0.0,0.0,0.0,0.8177,2.0
srikanth.ramabadran,0.0,0.0,1.0,0.0,1.0,0.0,0.0,0.854,2.0
srikanth.veerappan,0.0,0.0,1.0,0.0,0.0,0.0,0.0,0.7182,1.0
srinivasan.raghavan,0.0,0.0,2.0,0.0,0.0,0.0,0.0,0.7249,2.0
srinivasan.sampath,0.0,0.0,2.0,0.0,0.0,0.0,0.0,0.818,2.0
sriram.boopathy,0.0,0.0,1.0,0.0,0.0,0.0,0.0,0.8386,1.0
sriram.gopalakrishnan,0.0,0.0,1.0,1.0,0.0,0.0,0.0,0.8526,2.0
sriram.rajagopalan,0.0,0.0,2.0,2.0,0.0,0.0,0.0,0.8582,4.0
subbu,0.0,2.0,0.0,0.0,0.0,0.0,0.0,0.755,2.0
subhash.chikane,0.0,1.0,0.0,0.0,0.0,0.0,0.0,0.7443,1.0
subramani.rajkumar,0.0,0.0,2.0,0.0,0.0,0.0,0.0,0.8203,2.0
sudarshan.sridhar,0.0,1.0,0.0,2.0,1.0,0.0,0.0,0.7958,4.0
sudhakars,0.0,0.0,1.0,0.0,0.0,0.0,0.0,0.8564,1.0
sudheer.menon,0.0,0.0,0.0,0.0,2.0,0.0,0.0,0.7624,2.0
sudheer.menon,0.0,0.0,0.0,0.0,2.0,0.0,0.0,0.8593,2.0
sugumar.vijayakumar,0.0,0.0,1.0,0.0,0.0,0.0,0.0,0.781,1.0
sugumaran.jayabalan,0.0,0.0,0.0,0.0,2.0,6.0,0.0,0.7477,8.0
sugunaj,0.0,0.0,1.0,1.0,0.0,0.0,0.0,0.8102,2.0
sujit.wagh,0.0,0.0,0.0,0.0,1.0,0.0,0.0,0.7477,1.0
sumit.gangwar,0.0,0.0,0.0,0.0,1.0,0.0,0.0,0.8256,1.0
sundar.selvaraj,0.0,0.0,1.0,0.0,0.0,0.0,0.0,0.7598,1.0
sundaresan.puranam,0.0,0.0,1.0,0.0,0.0,0.0,0.0,0.8054,1.0
support,0.0,1.0,1.0,0.0,0.0,0.0,0.0,0.7694,2.0
support,0.0,0.0,1.0,1.0,0.0,0.0,0.0,0.7694,2.0
suresh.adhikari,0.0,3.0,0.0,0.0,0.0,0.0,0.0,0.7154,3.0
suresh.mariappan,0.0,1.0,2.0,0.0,0.0,0.0,0.0,0.8117,3.0
suresh.rajendran,0.0,0.0,1.0,0.0,0.0,0.0,0.0,0.7331,1.0
suresh.subramani,0.0,0.0,9.0,1.0,0.0,0.0,0.0,0.7934,10.0
sureshkumar.rangasamy,0.0,0.0,1.0,0.0,0.0,0.0,0.0,0.8057,1.0
sureshkumars,0.0,0.0,3.0,0.0,0.0,0.0,0.0,0.8339,3.0
sureshp,1.0,15.0,75.0,20.0,0.0,0.0,0.0,0.8287,111.0
suresht,0.0,0.0,1.0,0.0,1.0,0.0,0.0,0.7771,2.0
suriyakumar.munisamy,0.0,0.0,1.0,0.0,0.0,0.0,0.0,0.7687,1.0
suryakant.dash,0.0,1.0,0.0,0.0,0.0,0.0,0.0,0.8212,1.0
sv_plastics,0.0,1.0,0.0,0.0,0.0,0.0,0.0,0.0,1.0
syedibrahim.haneefa,0.0,0.0,0.0,0.0,1.0,0.0,0.0,0.7979,1.0
t-kawaguchi,0.0,0.0,1.0,0.0,0.0,0.0,0.0,0.8293,1.0
tarun,0.0,0.0,2.0,0.0,0.0,0.0,0.0,0.7559,2.0
tejas.chavan,0.0,0.0,0.0,0.0,1.0,0.0,0.0,0.72,1.0
tejpalsaini,0.0,0.0,2.0,0.0,0.0,0.0,0.0,0.7241,2.0
thamizhanban,1.0,3.0,0.0,4.0,0.0,0.0,0.0,0.8522,8.0
thangapandian.pandian,0.0,0.0,1.0,0.0,0.0,0.0,0.0,0.8461,1.0
thangaraj.nataraj,0.0,0.0,0.0,0.0,2.0,1.0,0.0,0.8247,3.0
thirunavukkarasu.periyasamy,0.0,0.0,1.0,0.0,0.0,0.0,0.0,0.7535,1.0
travel.support,2.0,0.0,0.0,0.0,0.0,0.0,0.0,0.8076,2.0
tvs_bd,2.0,0.0,0.0,2.0,1.0,0.0,0.0,0.7813,5.0
udhay,5.0,0.0,0.0,0.0,0.0,0.0,0.0,0.7976,5.0
uma.aruchamy,0.0,0.0,0.0,0.0,1.0,0.0,0.0,0.746,1.0
vairamanikandan.ponniah,0.0,0.0,0.0,2.0,0.0,0.0,0.0,0.845,2.0
vanithamohan,2.0,1.0,2.0,2.0,0.0,0.0,0.0,0.7643,7.0
varadharajans,2.0,0.0,0.0,0.0,0.0,0.0,0.0,0.8076,2.0
vasantharaj.mani,0.0,0.0,0.0,0.0,1.0,0.0,0.0,0.734,1.0
velusamytp,0.0,0.0,1.0,0.0,0.0,0.0,0.0,0.7782,1.0
vendorsupport,0.0,0.0,2.0,0.0,0.0,0.0,0.0,0.7579,2.0
venkidupathi.balakrishnan,0.0,1.0,0.0,0.0,0.0,0.0,0.0,0.8212,1.0
vidhya.jegadeeswaran,0.0,0.0,0.0,0.0,1.0,0.0,0.0,0.7982,1.0
vignesh.raj,0.0,0.0,0.0,0.0,3.0,2.0,0.0,0.8549,5.0
vigneshbabu.kuppusamy,0.0,0.0,2.0,0.0,0.0,0.0,0.0,0.8066,2.0
vigneshkumar.thanikasalam,0.0,2.0,4.0,0.0,0.0,0.0,0.0,0.7481,6.0
vijay.desai,0.0,0.0,7.0,0.0,0.0,0.0,0.0,0.7706,7.0
vijayakumar.subramanian,0.0,1.0,0.0,0.0,0.0,0.0,0.0,0.7164,1.0
vikram,0.0,1.0,12.0,1.0,1.0,0.0,0.0,0.7951,15.0
vikram,0.0,0.0,0.0,1.0,1.0,0.0,0.0,0.7951,2.0
vikram.singh,0.0,0.0,0.0,0.0,5.0,0.0,0.0,0.8617,5.0
vimala.bharathi,0.0,1.0,0.0,0.0,0.0,0.0,0.0,0.8494,1.0
vinayakar.ponnaiah,0.0,0.0,2.0,0.0,0.0,0.0,0.0,0.8477,2.0
vinod,0.0,0.0,0.0,1.0,0.0,0.0,0.0,0.7573,1.0
vinod.vijayaraghavan,0.0,0.0,3.0,1.0,0.0,0.0,0.0,0.7825,4.0
vinodkumar.rajendran,0.0,1.0,1.0,0.0,0.0,0.0,0.0,0.7936,2.0
vinodkumars,0.0,0.0,0.0,1.0,0.0,0.0,0.0,0.7351,1.0
vinodyadav,1.0,0.0,0.0,0.0,1.0,1.0,0.0,0.8276,3.0
vishal.kumar,0.0,0.0,0.0,0.0,2.0,0.0,0.0,0.8076,2.0
vishwapal.pawar,0.0,1.0,0.0,0.0,0.0,0.0,0.0,0.8212,1.0
visveshvarenms,0.0,0.0,0.0,1.0,0.0,0.0,0.0,0.758,1.0
vivek.sharma,0.0,0.0,1.0,1.0,0.0,0.0,0.0,0.8379,2.0
vjmohan,1.0,1.0,1.0,0.0,0.0,0.0,0.0,0.7309,3.0
vt.doraiarasu,0.0,1.0,0.0,0.0,0.0,0.0,0.0,0.8212,1.0
yogeshchaughule,0.0,0.0,0.0,0.0,1.0,1.0,0.0,0.7932,2.0
yogeshchaughule,0.0,0.0,0.0,0.0,1.0,1.0,0.0,0.8145,2.0
yuvaraj.narayanaswamy,0.0,0.0,0.0,1.0,0.0,0.0,0.0,0.8575,1.0
yuvaraj.rajendran,0.0,0.0,0.0,0.0,2.0,0.0,0.0,0.8142,2.0
yuvaraja.kumar,0.0,0.0,1.0,0.0,0.0,0.0,0.0,0.7267,1.0
yuvarajan.paneerselvam,0.0,0.0,0.0,0.0,1.0,0.0,0.0,0.7848,1.0
