,UPN,AvgProbability,UPN Count,Brand impersonation,Malicious URL reputation,Malware,Threats
0,Account@luckydolphin.com,0.7333,1.0,0.0,0.0,1.0,0.0
1,Maerskshipping@bluehost.com,0.7423,1.0,0.0,0.0,1.0,0.0
2,abby@fewell.cf,0.7355,2.0,0.0,0.0,2.0,0.0
3,aditya.sahasrabudhe@contoso.com,0.7947,4.0,0.0,0.0,4.0,0.0
4,admin.itax2@kra.go.ke,0.7242,2.0,0.0,0.0,1.0,1.0
5,ahamed.marzuk@contoso.com,0.8494,1.0,0.0,1.0,0.0,0.0
6,ajay.singh@contoso.com,0.7786,3.0,0.0,0.0,2.0,1.0
7,ajayraghav@contoso.com,0.8035,2.0,0.0,0.0,2.0,0.0
8,ajit.singh@contoso.com,0.7236,3.0,0.0,0.0,2.0,1.0
9,akanksha.rathi@contoso.com,0.7954,1.0,0.0,0.0,1.0,0.0
10,amit.dixit@contoso.com,0.8226,1.0,0.0,0.0,1.0,0.0
11,amit.waghmare@contoso.com,0.7661,2.0,0.0,0.0,1.0,1.0
12,amit2.jadhav@contoso.com,0.839,3.0,0.0,0.0,2.0,1.0
13,ana.itzcoalt@pricol.mx,0.7681,1.0,0.0,1.0,0.0,0.0
14,anandan.palanisamy@contoso.com,0.8517,2.0,0.0,0.0,0.0,2.0
15,andy@nibrema.com,0.7236,1.0,0.0,0.0,1.0,0.0
16,angelica.montoya@pricol.mx,0.7548,1.0,0.0,1.0,0.0,0.0
17,anil.singh@contoso.com,0.7153,8.0,0.0,6.0,1.0,1.0
18,ankurrohilla@contoso.com,0.8517,2.0,0.0,0.0,2.0,0.0
19,antonyja@contoso.com,0.7305,3.0,0.0,0.0,2.0,1.0
20,aravind.murugesan@contoso.com,0.8191,1.0,0.0,1.0,0.0,0.0
21,arulsakthivel.gopalan@contoso.com,0.8304,4.0,2.0,2.0,0.0,0.0
22,arulsvp@gmai.com,,1.0,0.0,1.0,0.0,0.0
23,arun.rajagopal@pricolasia.com,0.8201,6.0,0.0,1.0,4.0,1.0
24,arunkumar.sekar@contoso.com,0.8462,2.0,0.0,0.0,1.0,1.0
25,arvind.bhuvad@contoso.com,0.8021,1.0,0.0,0.0,1.0,0.0
26,ashishsrivastava@contoso.com,0.8059,2.0,0.0,0.0,1.0,1.0
27,ashwani.dhiman@contoso.com,0.7719,5.0,0.0,0.0,3.0,2.0
28,babu.rajendraprasad@pricolsurya.co.id,0.8014,1.0,0.0,1.0,0.0,0.0
29,balajiv@contoso.com,0.787,2.0,2.0,0.0,0.0,0.0
30,balasubramanian.duraisamy@contoso.com,0.8345,1.0,0.0,0.0,1.0,0.0
31,bharathiraja.thanikachalam@contoso.com,0.8052,1.0,0.0,0.0,1.0,0.0
32,billsreceivable@contoso.com,0.7487,4.0,0.0,0.0,4.0,0.0
33,brennan@toryrust.com,0.7276,3.0,0.0,0.0,3.0,0.0
34,chandan.kumar@infocubesolution.com,0.8624,3.0,0.0,3.0,0.0,0.0
35,chandramohanr@contoso.com,0.8574,2.0,0.0,0.0,1.0,1.0
36,chandru.manoharan@contoso.com,0.7617,10.0,4.0,3.0,2.0,1.0
37,chenthamil.krishnasamyperumal@contoso.com,0.7952,113.0,0.0,6.0,81.0,26.0
38,chithiraiselvi.rajan@pricolasia.com,0.738,8.0,0.0,1.0,7.0,0.0
39,christopher.david@contoso.com,0.7959,1.0,0.0,0.0,0.0,1.0
40,christopherjabarajd@contoso.com,0.8119,5.0,0.0,1.0,4.0,0.0
41,city@contoso.com,0.8051,86.0,0.0,11.0,36.0,39.0
42,contact@sarnwootes.com,0.8145,1.0,0.0,0.0,1.0,0.0
43,coordinator@pricolasia.com,0.8633,2.0,0.0,1.0,1.0,0.0
44,cs@contoso.com,0.7904,15.0,0.0,1.0,10.0,4.0
45,customerservice@citibank.com,0.7153,2.0,0.0,0.0,1.0,1.0
46,dalbiryadav@contoso.com,0.8298,4.0,2.0,0.0,1.0,1.0
47,deepak.jangra@contoso.com,0.8229,2.0,0.0,0.0,1.0,1.0
48,deepak.kaswa@contoso.com,0.74,2.0,0.0,0.0,1.0,1.0
49,deepakbist@contoso.com,0.8014,2.0,0.0,1.0,1.0,0.0
50,deepakdhoundiyal@contoso.com,0.8442,1.0,0.0,1.0,0.0,0.0
51,devaraj.balakrishnan@contoso.com,0.8423,1.0,0.0,0.0,1.0,0.0
52,devender.kumar@contoso.com,0.7612,2.0,0.0,0.0,1.0,1.0
53,devprakash@contoso.com,0.8056,2.0,0.0,0.0,1.0,1.0
54,dhamodharan.kesavan@contoso.com,0.7248,3.0,0.0,0.0,2.0,1.0
55,dhanagopal.devaraj@contoso.com,0.722,2.0,0.0,0.0,1.0,1.0
56,dhanesh.joshi@contoso.com,0.7552,2.0,0.0,0.0,1.0,1.0
57,dheerendra.kumar@contoso.com,0.7705,2.0,0.0,0.0,1.0,1.0
58,dheerendralohani@contoso.com,0.8442,1.0,0.0,1.0,0.0,0.0
59,donotreply@m-sytemg.site,0.8011,1.0,0.0,0.0,1.0,0.0
60,eblin.nesayyan@contoso.com,0.7562,1.0,0.0,0.0,1.0,0.0
61,farayi.zvavamwe@seedcogroup.com,0.7675,1.0,0.0,1.0,0.0,0.0
62,fay@lopoto.ga,0.7761,3.0,0.0,0.0,3.0,0.0
63,frontoffice@contoso.com,0.8375,1.0,1.0,0.0,0.0,0.0
64,ganesan.rajen@contoso.com,0.7672,2.0,0.0,0.0,1.0,1.0
65,ganesh@contoso.com,0.741,28.0,0.0,0.0,21.0,7.0
66,girish.singh@contoso.com,0.8351,1.0,0.0,0.0,1.0,0.0
67,gokulraj.ponnusamy@contoso.com,0.7946,2.0,0.0,0.0,1.0,1.0
68,gowthaman.palaniswamy@contoso.com,0.8438,1.0,0.0,0.0,1.0,0.0
69,gst@contoso.com,0.7956,2.0,0.0,1.0,1.0,0.0
70,gupta.svb@contoso.com,0.8519,1.0,0.0,0.0,1.0,0.0
71,guruprasad.rajendran@contoso.com,0.7876,3.0,0.0,2.0,0.0,1.0
72,hamsarani.sathyanarayanan@contoso.com,0.8355,1.0,0.0,0.0,1.0,0.0
73,hanmant.bhise@contoso.com,0.7771,1.0,0.0,1.0,0.0,0.0
74,hariharan.sundararajan@contoso.com,0.8259,3.0,0.0,0.0,2.0,1.0
75,hariharan.tamilarasu@contoso.com,0.7989,4.0,0.0,0.0,3.0,1.0
76,harishkumar.hooda@contoso.com,0.784,2.0,0.0,0.0,2.0,0.0
77,hcardoso@pricol.com.br,0.8636,1.0,0.0,1.0,0.0,0.0
78,hemant.singh@contoso.com,0.7358,1.0,0.0,0.0,1.0,0.0
79,hirandharan@contoso.com,0.8572,1.0,0.0,0.0,1.0,0.0
80,hooda.harish72@gmail.com,,1.0,0.0,0.0,1.0,0.0
81,hsr@colbd.net,0.7943,1.0,0.0,0.0,0.0,1.0
82,info@bhati.ml,0.7885,1.0,0.0,1.0,0.0,0.0
83,info@contoso.com,0.7885,5.0,0.0,1.0,2.0,2.0
84,info@svplastics.com,0.7885,1.0,0.0,1.0,0.0,0.0
85,invent@contoso.com,0.7772,25.0,0.0,3.0,13.0,9.0
86,investor@contoso.com,0.8488,5.0,0.0,0.0,5.0,0.0
87,ippl@ipplbd.com,0.8,4.0,0.0,0.0,4.0,0.0
88,iraahuja@contoso.com,0.7864,1.0,0.0,0.0,1.0,0.0
89,jeeva.vellaisamy@contoso.com,0.7868,1.0,0.0,1.0,0.0,0.0
90,jos@contoso.com,0.8068,4.0,0.0,0.0,2.0,2.0
91,jude.arulnathan@contoso.com,0.7488,1.0,0.0,0.0,1.0,0.0
92,kalaiselvan.avidaikkutty@contoso.com,0.7796,2.0,0.0,1.0,1.0,0.0
93,karthick.muniyappan@contoso.com,0.8228,2.0,0.0,0.0,1.0,1.0
94,karthick.sankaran@contoso.com,0.755,2.0,0.0,2.0,0.0,0.0
95,karthik.bhojan@contoso.com,0.82,3.0,0.0,3.0,0.0,0.0
96,karthika.v@contoso.com,0.7421,1.0,0.0,1.0,0.0,0.0
97,karthikeyan.palanisamy@contoso.com,0.8519,1.0,0.0,0.0,1.0,0.0
98,karthikeyan.sampathkumar@contoso.com,0.8076,1.0,0.0,0.0,1.0,0.0
99,kaushlendrasingh@contoso.com,0.8367,1.0,0.0,1.0,0.0,0.0
100,kishorekumar.andrews@contoso.com,0.7695,2.0,0.0,0.0,2.0,0.0
101,kowsikan.rathinasamy@contoso.com,0.7884,6.0,0.0,2.0,3.0,1.0
102,kuppusamys@contoso.com,0.8365,2.0,0.0,0.0,1.0,1.0
103,lalit.mohan@contoso.com,0.7759,2.0,0.0,1.0,1.0,0.0
104,lib-finance@contoso.com,0.8629,1.0,0.0,0.0,1.0,0.0
105,libmcs@contoso.com,0.8568,2.0,0.0,0.0,1.0,1.0
106,liboffice@contoso.com,0.7926,4.0,0.0,0.0,2.0,2.0
107,libpurchase@contoso.com,0.7403,1.0,0.0,0.0,1.0,0.0
108,magesh.subramanian@contoso.com,0.7812,1.0,0.0,0.0,1.0,0.0
109,mahendran.krishnasamy@contoso.com,0.8254,2.0,0.0,1.0,1.0,0.0
110,malarvalan@gmail.com,,1.0,0.0,1.0,0.0,0.0
111,manikandan.rajamani@contoso.com,0.7702,2.0,0.0,0.0,2.0,0.0
112,manikandan.sethuraajan@contoso.com,0.8645,1.0,0.0,1.0,0.0,0.0
113,manishnangia@contoso.com,0.8454,1.0,0.0,1.0,0.0,0.0
114,mansoorahamed.musthafa@contoso.com,0.7682,1.0,0.0,0.0,1.0,0.0
115,maruthachalam.palaniappan@contoso.com,0.7442,2.0,0.0,0.0,2.0,0.0
116,mohan.krishnan@contoso.com,0.7346,1.0,0.0,0.0,1.0,0.0
117,mohan.sivaraj@contoso.com,0.8275,1.0,0.0,1.0,0.0,0.0
118,mohankumar.rangaraj@contoso.com,0.8494,1.0,0.0,1.0,0.0,0.0
119,mohanraj.muthuswamy@contoso.com,0.7583,2.0,0.0,0.0,2.0,0.0
120,mohmmdyunus@contoso.com,0.8056,3.0,0.0,0.0,2.0,1.0
121,mukeshkumar.nagalingam@pricolasia.com,0.7584,1.0,0.0,1.0,0.0,0.0
122,munichamy.gurusamy@contoso.com,0.793,1.0,0.0,0.0,1.0,0.0
123,murali.ranganathan@contoso.com,0.8204,2.0,0.0,0.0,1.0,1.0
124,murugesan.velayutham@contoso.com,0.8093,1.0,0.0,0.0,1.0,0.0
125,muthukumar.vellingiri@contoso.com,0.7175,1.0,0.0,0.0,1.0,0.0
126,namasivayam.jaganathan@contoso.com,0.8311,2.0,2.0,0.0,0.0,0.0
127,naveenkumar.r@contoso.com,0.7394,1.0,0.0,1.0,0.0,0.0
128,nilton.resende@pricol.com.br,0.7322,1.0,0.0,0.0,1.0,0.0
129,nishanth.vasanthan@contoso.com,0.7764,2.0,0.0,0.0,0.0,2.0
130,no-reply@dbmailer.pw,0.7219,1.0,0.0,1.0,0.0,0.0
131,nopit@projectinquiry.pw,0.8565,6.0,0.0,0.0,3.0,3.0
132,noreply@wetransfer.com,0.8434,1.0,0.0,1.0,0.0,0.0
133,operationexcellent-1@pricolsurya.co.id,0.7295,1.0,0.0,1.0,0.0,0.0
134,p3gatecontrol@contoso.com,0.7262,1.0,0.0,0.0,1.0,0.0
135,parameswaranar@contoso.com,0.83,4.0,0.0,0.0,4.0,0.0
136,partheeban.mariaxavier@contoso.com,0.7337,1.0,0.0,0.0,1.0,0.0
137,pasupathy.ramadas@contoso.com,0.8341,2.0,0.0,0.0,2.0,0.0
138,patsorn@stone-icon.com,0.8193,2.0,0.0,0.0,1.0,1.0
139,plant1.itfms@contoso.com,0.8484,10.0,4.0,3.0,1.0,2.0
140,plant2@contoso.com,0.8636,25.0,0.0,1.0,15.0,9.0
141,plant3fr@contoso.com,0.864,2.0,0.0,0.0,1.0,1.0
142,plant7@contoso.com,0.8572,2.0,0.0,1.0,1.0,0.0
143,prabhakaran.sundarapandian@contoso.com,0.7365,1.0,0.0,0.0,1.0,0.0
144,prabhu.nandhi@contoso.com,0.7511,4.0,2.0,0.0,0.0,2.0
145,prabhudev.vijayan@contoso.com,0.8149,1.0,1.0,0.0,0.0,0.0
146,prabu.subramanian@contoso.com,0.7524,1.0,0.0,0.0,1.0,0.0
147,pradeep.vijayan@contoso.com,0.8644,3.0,0.0,0.0,1.0,2.0
148,prakash.ponnusamy@contoso.com,0.7449,1.0,0.0,0.0,1.0,0.0
149,praveenraj.senthilkumar@contoso.com,0.7282,1.0,0.0,1.0,0.0,0.0
150,pravin@contoso.com,0.7941,2.0,1.0,1.0,0.0,0.0
151,prem.sharma@contoso.com,0.8212,1.0,0.0,1.0,0.0,0.0
152,premramesh.sk@contoso.com,0.8629,1.0,0.0,1.0,0.0,0.0
153,ptyagi@contoso.com,0.7375,1.0,0.0,0.0,1.0,0.0
154,qe-giipumps@contoso.com,0.7855,1.0,0.0,0.0,1.0,0.0
155,radheeshbabu@contoso.com,0.7243,1.0,0.0,0.0,0.0,1.0
156,rajagopal@contoso.com,0.8266,5.0,0.0,1.0,3.0,1.0
157,rajagopalan.ponnusamy@contoso.com,0.7224,1.0,0.0,0.0,0.0,1.0
158,rajanrk@contoso.com,0.7636,4.0,0.0,2.0,0.0,2.0
159,rajasekaran.mohanakrishnan@contoso.com,0.7494,2.0,0.0,0.0,2.0,0.0
160,rajendran.rangaraju@contoso.com,0.8412,1.0,0.0,1.0,0.0,0.0
161,rajeshwari.gopal@contoso.com,0.8615,1.0,0.0,1.0,0.0,0.0
162,rajiv.saxena@contoso.com,0.8123,3.0,0.0,3.0,0.0,0.0
163,rajivgandhi.venugopal@contoso.com,0.827,2.0,0.0,0.0,1.0,1.0
164,rakesh.sharma@contoso.com,0.796,1.0,0.0,0.0,1.0,0.0
165,ramanathan.jayakumar@pricolasia.com,0.797,6.0,0.0,0.0,6.0,0.0
166,ramaraj.govindaraj@contoso.com,0.7587,3.0,0.0,0.0,3.0,0.0
167,ramasubramania.raja@contoso.com,0.84,1.0,0.0,0.0,1.0,0.0
168,ramathilak@contoso.com,0.7498,3.0,0.0,0.0,1.0,2.0
169,ramesh.desingh@contoso.com,0.7597,2.0,0.0,0.0,2.0,0.0
170,ramkumar.ramasamy@contoso.com,0.7992,3.0,0.0,2.0,0.0,1.0
171,ramkumar.somasundaram@contoso.com,0.8058,6.0,0.0,1.0,5.0,0.0
172,rathinaraja.ayyamperumal@contoso.com,0.748,1.0,1.0,0.0,0.0,0.0
173,ravi.balasubramaniam@contoso.com,0.8412,1.0,0.0,1.0,0.0,0.0
174,ravikumar.rathinavelu@contoso.com,0.8149,2.0,0.0,0.0,2.0,0.0
175,rodrigo.nunes@contoso.com,0.7354,2.0,0.0,1.0,1.0,0.0
176,sachin.tyagi@contoso.com,0.816,1.0,0.0,0.0,0.0,1.0
177,sadham.jahir@contoso.com,0.7561,1.0,0.0,0.0,1.0,0.0
178,sakthivel.venkatachalam@pricolasia.com,0.7905,2.0,0.0,0.0,2.0,0.0
179,sale@snaptv.me,0.7963,2.0,0.0,0.0,1.0,1.0
180,saleemrajaa@contoso.com,0.748,1.0,0.0,1.0,0.0,0.0
181,sales@jindaqiye.com.cn,0.8627,2.0,0.0,0.0,1.0,1.0
182,salescoordinator@pricolasia.com,0.8298,2.0,0.0,1.0,1.0,0.0
183,sampat.gunjawate@contoso.com,0.8384,1.0,0.0,0.0,1.0,0.0
184,sampathkumar.g@contoso.com,0.786,1.0,0.0,0.0,1.0,0.0
185,sampathkumar.ganesan@contoso.com,0.8218,1.0,0.0,0.0,1.0,0.0
186,sampathkumar.natarajan@contoso.com,0.7282,1.0,0.0,1.0,0.0,0.0
187,sampathv@contoso.com,0.8268,1.0,0.0,0.0,1.0,0.0
188,sanat@contoso.com,0.7364,1.0,0.0,0.0,1.0,0.0
189,sandeep.joshi@contoso.com,0.7574,1.0,0.0,0.0,1.0,0.0
190,sandeep@contoso.com,0.7366,3.0,0.0,0.0,3.0,0.0
191,sangram.jadhav@contoso.com,0.8593,1.0,0.0,0.0,1.0,0.0
192,sanjeev.kumar@contoso.com,0.8082,1.0,0.0,0.0,1.0,0.0
193,sanjeevgaur@contoso.com,0.8456,1.0,0.0,0.0,1.0,0.0
194,santhosh.venkatesan@contoso.com,0.8285,1.0,0.0,0.0,1.0,0.0
195,santhoshkumar.thiyagarajan@contoso.com,0.8004,1.0,0.0,0.0,1.0,0.0
196,saran.karthi@postiefs.com,0.7375,2.0,0.0,2.0,0.0,0.0
197,saravanaa.ramasamy@contoso.com,0.7229,1.0,0.0,0.0,1.0,0.0
198,saravanakumar.ranganathan@contoso.com,0.8495,2.0,0.0,0.0,2.0,0.0
199,saravanan.devaraj@contoso.com,0.8164,2.0,0.0,0.0,2.0,0.0
200,saravanan.mohan@contoso.com,0.8275,1.0,0.0,1.0,0.0,0.0
201,sarfaraj.ahamad@contoso.com,0.8425,1.0,0.0,0.0,1.0,0.0
202,satheesh.palanisamy@contoso.com,0.772,1.0,0.0,0.0,1.0,0.0
203,sathiyanarayanan.muthukrishnan@contoso.com,0.7598,1.0,0.0,0.0,1.0,0.0
204,sathyase@contoso.com,0.7151,3.0,2.0,0.0,1.0,0.0
205,sathyaseelan.duraisamy@contoso.com,0.8136,2.0,0.0,0.0,2.0,0.0
206,sathyaseeland@contoso.com,0.8629,1.0,0.0,1.0,0.0,0.0
207,satishkumar.nanjundan@contoso.com,0.7995,1.0,0.0,0.0,1.0,0.0
208,satishkumar.rangasamy@contoso.com,0.8244,2.0,0.0,2.0,0.0,0.0
209,selma@egljkt.com,0.717,2.0,0.0,0.0,1.0,1.0
210,selvarajk@contoso.com,0.7864,4.0,1.0,0.0,1.0,2.0
211,senthilmurugank@contoso.com,0.8347,1.0,0.0,0.0,1.0,0.0
212,senthilnathan.pachamuthu@contoso.com,0.809,1.0,0.0,0.0,1.0,0.0
213,senthilrpde@contoso.com,0.7879,1.0,0.0,0.0,1.0,0.0
214,shailendrajha@contoso.com,0.7377,2.0,0.0,0.0,2.0,0.0
215,shivrajtupe@contoso.com,0.8171,1.0,0.0,0.0,1.0,0.0
216,shripad.kalamdane@contoso.com,0.8609,1.0,0.0,1.0,0.0,0.0
217,shyamsundar.b@contoso.com,0.7481,2.0,0.0,0.0,1.0,1.0
218,siddharth.manoharan@contoso.com,0.8143,3.0,0.0,3.0,0.0,0.0
219,sivakumar.viswanathan@contoso.com,0.8403,2.0,0.0,0.0,2.0,0.0
220,sivasakthi.murugesan@contoso.com,0.8215,4.0,0.0,0.0,4.0,0.0
221,sivasankarankv@contoso.com,0.7378,1.0,0.0,0.0,0.0,1.0
222,sneha.devan@contoso.com,0.7805,3.0,0.0,0.0,3.0,0.0
223,snehasish.tripathy@contoso.com,0.7385,1.0,0.0,0.0,1.0,0.0
224,somasundaramn@contoso.com,0.8631,4.0,0.0,1.0,1.0,2.0
225,sougata.dey@contoso.com,0.7607,2.0,0.0,0.0,2.0,0.0
226,soundappan.arumugam@contoso.com,0.7692,1.0,0.0,0.0,1.0,0.0
227,spindlemanufacturingshop@contoso.com,0.7825,1.0,0.0,0.0,1.0,0.0
228,sridevip@contoso.com,0.8479,2.0,0.0,0.0,2.0,0.0
229,sridharj@contoso.com,0.8177,2.0,2.0,0.0,0.0,0.0
230,srikanth.ramabadran@contoso.com,0.8374,1.0,0.0,0.0,1.0,0.0
231,srikanth.veerappan@contoso.com,0.7182,1.0,0.0,0.0,1.0,0.0
232,srinivasan.raghavan@contoso.com,0.7249,2.0,0.0,0.0,2.0,0.0
233,srinivasan.sampath@contoso.com,0.818,2.0,0.0,0.0,2.0,0.0
234,sriram.boopathy@contoso.com,0.8386,1.0,0.0,0.0,1.0,0.0
235,sriram.gopalakrishnan@contoso.com,0.8526,2.0,0.0,0.0,1.0,1.0
236,sriram.rajagopalan@contoso.com,0.8582,4.0,0.0,0.0,2.0,2.0
237,subbu@contoso.com,0.755,2.0,0.0,2.0,0.0,0.0
238,subhash.chikane@contoso.com,0.7443,1.0,0.0,1.0,0.0,0.0
239,subramani.rajkumar@contoso.com,0.8203,2.0,0.0,0.0,2.0,0.0
240,sudarshan.sridhar@contoso.com,0.7727,3.0,0.0,1.0,0.0,2.0
241,sudhakars@contoso.com,0.8564,1.0,0.0,0.0,1.0,0.0
242,sugumar.vijayakumar@contoso.com,0.781,1.0,0.0,0.0,1.0,0.0
243,sugunaj@contoso.com,0.8102,2.0,0.0,0.0,1.0,1.0
244,sundar.selvaraj@contoso.com,0.7598,1.0,0.0,0.0,1.0,0.0
245,sundaresan.puranam@contoso.com,0.8054,1.0,0.0,0.0,1.0,0.0
246,support@contoso.com,0.7694,2.0,0.0,1.0,1.0,0.0
247,support@dhl.com,0.7694,2.0,0.0,0.0,1.0,1.0
248,suresh.adhikari@tatamotors.com,0.7154,3.0,0.0,3.0,0.0,0.0
249,suresh.mariappan@contoso.com,0.8117,3.0,0.0,1.0,2.0,0.0
250,suresh.rajendran@contoso.com,0.7331,1.0,0.0,0.0,1.0,0.0
251,suresh.subramani@contoso.com,0.7934,10.0,0.0,0.0,9.0,1.0
252,sureshkumar.rangasamy@contoso.com,0.8057,1.0,0.0,0.0,1.0,0.0
253,sureshkumars@contoso.com,0.8339,3.0,0.0,0.0,3.0,0.0
254,sureshp@contoso.com,0.8287,111.0,1.0,15.0,75.0,20.0
255,suresht@contoso.com,0.7517,1.0,0.0,0.0,1.0,0.0
256,suriyakumar.munisamy@contoso.com,0.7687,1.0,0.0,0.0,1.0,0.0
257,suryakant.dash@contoso.com,0.8212,1.0,0.0,1.0,0.0,0.0
258,sv_plastics@yahoo.com,,1.0,0.0,1.0,0.0,0.0
259,t-kawaguchi@comcell.co.jp,0.8293,1.0,0.0,0.0,1.0,0.0
260,tarun@contoso.com,0.7559,2.0,0.0,0.0,2.0,0.0
261,tejpalsaini@contoso.com,0.7241,2.0,0.0,0.0,2.0,0.0
262,thamizhanban@contoso.com,0.8522,8.0,1.0,3.0,0.0,4.0
263,thangapandian.pandian@contoso.com,0.8461,1.0,0.0,0.0,1.0,0.0
264,thirunavukkarasu.periyasamy@contoso.com,0.7535,1.0,0.0,0.0,1.0,0.0
265,travel.support@contoso.com,0.8076,2.0,2.0,0.0,0.0,0.0
266,tvs_bd@contoso.com,0.767,4.0,2.0,0.0,0.0,2.0
267,udhay@contoso.com,0.7976,5.0,5.0,0.0,0.0,0.0
268,vairamanikandan.ponniah@contoso.com,0.845,2.0,0.0,0.0,0.0,2.0
269,vanithamohan@contoso.com,0.7643,7.0,2.0,1.0,2.0,2.0
270,varadharajans@contoso.com,0.8076,2.0,2.0,0.0,0.0,0.0
271,velusamytp@contoso.com,0.7782,1.0,0.0,0.0,1.0,0.0
272,vendorsupport@contoso.com,0.7579,2.0,0.0,0.0,2.0,0.0
273,venkidupathi.balakrishnan@contoso.com,0.8212,1.0,0.0,1.0,0.0,0.0
274,vigneshbabu.kuppusamy@contoso.com,0.8066,2.0,0.0,0.0,2.0,0.0
275,vigneshkumar.thanikasalam@pricolasia.com,0.7481,6.0,0.0,2.0,4.0,0.0
276,vijay.desai@contoso.com,0.7706,7.0,0.0,0.0,7.0,0.0
277,vijayakumar.subramanian@pricolasia.com,0.7164,1.0,0.0,1.0,0.0,0.0
278,vikram@contoso.com,0.7498,14.0,0.0,1.0,12.0,1.0
279,vikram@pricol.com,0.7498,1.0,0.0,0.0,0.0,1.0
280,vimala.bharathi@contoso.com,0.8494,1.0,0.0,1.0,0.0,0.0
281,vinayakar.ponnaiah@contoso.com,0.8477,2.0,0.0,0.0,2.0,0.0
282,vinod.vijayaraghavan@contoso.com,0.7825,4.0,0.0,0.0,3.0,1.0
283,vinod@contoso.com,0.7573,1.0,0.0,0.0,0.0,1.0
284,vinodkumar.rajendran@contoso.com,0.7936,2.0,0.0,1.0,1.0,0.0
285,vinodkumars@contoso.com,0.7351,1.0,0.0,0.0,0.0,1.0
286,vinodyadav@contoso.com,0.8035,1.0,1.0,0.0,0.0,0.0
287,vishwapal.pawar@contoso.com,0.8212,1.0,0.0,1.0,0.0,0.0
288,visveshvarenms@contoso.com,0.758,1.0,0.0,0.0,0.0,1.0
289,vivek.sharma@contoso.com,0.8379,2.0,0.0,0.0,1.0,1.0
290,vjmohan@contoso.com,0.7309,3.0,1.0,1.0,1.0,0.0
291,vt.doraiarasu@contoso.com,0.8212,1.0,0.0,1.0,0.0,0.0
292,yuvaraj.narayanaswamy@contoso.com,0.8575,1.0,0.0,0.0,0.0,1.0
293,yuvaraja.kumar@contoso.com,0.7267,1.0,0.0,0.0,1.0,0.0
