UPN,Description,Description New,Scored Labels,Location,AvgProbability,Severity
Account@contoso.com,Malware,Malware,1,NA,0.7333,High
Maerskshipping@contoso.com,Malware,Malware,1,NA,0.7423,High
abby@contoso.com,Malware,Malware,1,NA,0.7355,High
aditya.sahasrabudhe@office365demo.com,Malware,Malware,1,NA,0.8625,High
aditya.sahasrabudhe@office365demo.com,Malware,Malware,1,NA,0.7269,High
admin.itax2@contoso.com,Malware,Malware,1,NA,0.7242,High
ahamed.marzuk@office365demo.com;vimala.bharathi@office365demo.com;mohankumar.rangaraj@office365demo.com;ramkumar.somasundaram@office365demo.com;suresh.mariappan@office365demo.com,Malicious URL reputation,Malicious URL reputation,1,NA,0.8494,High
ajay.singh@office365demo.com,Malware,Malware,1,NA,0.7786,High
ajayraghav@office365demo.com,Malware,Malware,1,NA,0.8035,High
ajit.singh@office365demo.com,Malware,Malware,1,NA,0.7236,High
akanksha.rathi@office365demo.com,Malware,Malware,1,NA,0.7954,High
amit.dixit@office365demo.com,Malware,Malware,1,NA,0.8226,High
amit.waghmare@office365demo.com,Malware,Malware,1,NA,0.7661,High
amit2.jadhav@office365demo.com,Malware,Malware,1,NA,0.839,High
ana.itzcoalt@office365demo.com,Malicious URL reputation,Malicious URL reputation,1,NA,0.7681,High
anandan.palanisamy@office365demo.com,Threats,Threats,1,NA,0.8517,High
andy@nibrema.com,Malware,Malware,1,NA,0.7236,High
angelica.montoya@office365demo.com,Malicious URL reputation,Malicious URL reputation,1,NA,0.7548,High
anil.singh@office365demo.com,Malware,Malware,1,NA,0.7153,High
ankurrohilla@office365demo.com,Malware,Malware,1,NA,0.8517,High
antonyja@office365demo.com,Malware,Malware,1,NA,0.7305,High
aravind.murugesan@office365demo.com,Malicious URL reputation,Malicious URL reputation,1,NA,0.8191,High
arulsakthivel.gopalan@office365demo.com,Malicious URL reputation,Malicious URL reputation,1,NA,0.8537,High
arulsakthivel.gopalan@office365demo.com,Brand impersonation,Brand impersonation,1,NA,0.8071,High
arun.rajagopal@office365demo.com,Malware,Malware,1,NA,0.8201,High
arunkumar.sekar@office365demo.com,Malware,Malware,1,NA,0.8462,High
arvind.bhuvad@office365demo.com,Malware,Malware,1,NA,0.8021,High
ashishsrivastava@office365demo.com,Malware,Malware,1,NA,0.8059,High
ashwani.dhiman@office365demo.com,Malware,Malware,1,NA,0.7719,High
babu.rajendraprasad@office365demo.com,Malicious URL reputation,Malicious URL reputation,1,NA,0.8014,High
balajiv@office365demo.com,Brand impersonation,Brand impersonation,1,NA,0.787,High
balasubramanian.duraisamy@office365demo.com,Malware,Malware,1,NA,0.8345,High
bharathiraja.thanikachalam@office365demo.com,Malware,Malware,1,NA,0.8052,High
billsreceivable@office365demo.com,Malware,Malware,1,NA,0.7487,High
brennan@toryrust.com,Malware,Malware,1,NA,0.7276,High
chandan.kumar@infocubesolution.com,Malicious URL reputation,Malicious URL reputation,1,NA,0.8624,High
chandramohanr@office365demo.com,Malware,Malware,1,NA,0.8574,High
chandru.manoharan@office365demo.com,Malware,Malware,1,NA,0.8075,High
chandru.manoharan@office365demo.com;ramkumar.ramasamy@office365demo.com,Malicious URL reputation,Malicious URL reputation,1,NA,0.7283,High
chandru.manoharan@office365demo.com,Threats,Threats,1,NA,0.7492,High
chenthamil.krishnasamyperumal@office365demo.com,Malware,Malware,1,NA,0.7795,High
chenthamil.krishnasamyperumal@office365demo.com;city@office365demo.com,Malicious URL reputation,Malicious URL reputation,1,NA,0.8571,High
chenthamil.krishnasamyperumal@office365demo.com,Threats,Threats,1,NA,0.8277,High
chithiraiselvi.rajan@office365demo.com,Malware,Malware,1,NA,0.738,High
christopher.david@office365demo.com,Threats,Threats,1,NA,0.7959,High
christopherjabarajd@office365demo.com,Malware,Malware,1,NA,0.7964,High
christopherjabarajd@office365demo.com;guruprasad.rajendran@office365demo.com;mohan.sivaraj@office365demo.com;satishkumar.rangasamy@office365demo.com;saravanan.mohan@office365demo.com;kowsikan.rathinasamy@office365demo.com,Malicious URL reputation,Malicious URL reputation,1,NA,0.8275,High
city@office365demo.com,Malware,Malware,1,NA,0.8418,High
city@office365demo.com;chenthamil.krishnasamyperumal@office365demo.com,Malicious URL reputation,Malicious URL reputation,1,NA,0.7164,High
contact@sarnwootes.com,Malware,Malware,1,NA,0.8145,High
coordinator@office365demo.com,Malware,Malware,1,NA,0.8633,High
cs@office365demo.com,Malware,Malware,1,NA,0.7254,High
cs@office365demo.com,Malware,Malware,1,NA,0.8554,High
customerservice@citibank.com,Malware,Malware,1,NA,0.7153,High
dalbiryadav@office365demo.com,Malware,Malware,1,NA,0.8298,High
deepak.jangra@office365demo.com,Malware,Malware,1,NA,0.8229,High
deepak.kaswa@office365demo.com,Malware,Malware,1,NA,0.74,High
deepakbist@office365demo.com,Malware,Malware,1,NA,0.7586,High
deepakdhoundiyal@office365demo.com;deepakbist@office365demo.com;dheerendralohani@office365demo.com,Malicious URL reputation,Malicious URL reputation,1,NA,0.8442,High
devaraj.balakrishnan@office365demo.com,Malware,Malware,1,NA,0.8423,High
devender.kumar@office365demo.com,Malware,Malware,1,NA,0.7612,High
devprakash@office365demo.com,Malware,Malware,1,NA,0.8056,High
dhamodharan.kesavan@office365demo.com,Malware,Malware,1,NA,0.7248,High
dhanagopal.devaraj@office365demo.com,Malware,Malware,1,NA,0.722,High
dhanesh.joshi@office365demo.com,Malware,Malware,1,NA,0.7552,High
dheerendra.kumar@office365demo.com,Malware,Malware,1,NA,0.7705,High
donotreply@m-sytemg.site,Malware,Malware,1,NA,0.8011,High
eblin.nesayyan@office365demo.com,Malware,Malware,1,NA,0.7562,High
farayi.zvavamwe@seedcogroup.com,Malicious URL reputation,Malicious URL reputation,1,NA,0.7675,High
fay@lopoto.ga,Malware,Malware,1,NA,0.7761,High
frontoffice@office365demo.com,Brand impersonation,Brand impersonation,1,NA,0.8375,High
ganesan.rajen@office365demo.com,Malware,Malware,1,NA,0.7672,High
ganesh@office365demo.com,Malware,Malware,1,NA,0.741,High
girish.singh@office365demo.com,Malware,Malware,1,NA,0.8351,High
gokulraj.ponnusamy@office365demo.com,Malware,Malware,1,NA,0.7946,High
gowthaman.palaniswamy@office365demo.com,Malware,Malware,1,NA,0.8438,High
gst@office365demo.com,Malware,Malware,1,NA,0.7956,High
gupta.svb@office365demo.com,Malware,Malware,1,NA,0.8519,High
guruprasad.rajendran@office365demo.com,Malicious URL reputation,Malicious URL reputation,1,NA,0.797,High
guruprasad.rajendran@office365demo.com,Threats,Threats,1,NA,0.7383,High
hamsarani.sathyanarayanan@office365demo.com,Malware,Malware,1,NA,0.8355,High
hanmant.bhise@office365demo.com,Malicious URL reputation,Malicious URL reputation,1,NA,0.7771,High
hariharan.sundararajan@office365demo.com,Malware,Malware,1,NA,0.8465,High
hariharan.sundararajan@office365demo.com,Threats,Threats,1,NA,0.8053,High
hariharan.tamilarasu@office365demo.com,Malware,Malware,1,NA,0.7989,High
harishkumar.hooda@office365demo.com,Malware,Malware,1,NA,0.784,High
hcardoso@office365demo.com,Malicious URL reputation,Malicious URL reputation,1,NA,0.8636,High
hemant.singh@office365demo.com,Malware,Malware,1,NA,0.7358,High
hirandharan@office365demo.com,Malware,Malware,1,NA,0.8572,High
hooda4982@gmail.com,Malware,Malware,1,NA,0.7681,High
hsr@colbd.net,Threats,Threats,1,NA,0.7943,High
info@bhati.ml,Malicious URL reputation,Malicious URL reputation,1,NA,0.8125,High
info@office365demo.com,Malware,Malware,1,NA,0.7551,High
invent@office365demo.com,Malware,Malware,1,NA,0.7772,High
investor@office365demo.com,Malware,Malware,1,NA,0.8488,High
ippl@ipplbd.com,Malware,Malware,1,NA,0.8,High
iraahuja@office365demo.com,Malware,Malware,1,NA,0.7864,High
jeeva.vellaisamy@office365demo.com,Malicious URL reputation,Malicious URL reputation,1,NA,0.7868,High
jos@office365demo.com,Malware,Malware,1,NA,0.8068,High
jude.arulnathan@office365demo.com,Malware,Malware,1,NA,0.7488,High
kalaiselvan.avidaikkutty@office365demo.com,Malware,Malware,1,NA,0.8246,High
kalaiselvan.avidaikkutty@office365demo.com;vinodkumar.rajendran@office365demo.com,Malicious URL reputation,Malicious URL reputation,1,NA,0.7346,High
karthick.muniyappan@office365demo.com,Malware,Malware,1,NA,0.8228,High
karthick.sankaran@office365demo.com;subbu@office365demo.com,Malicious URL reputation,Malicious URL reputation,1,NA,0.755,High
karthik.bhojan@office365demo.com,Malicious URL reputation,Malicious URL reputation,1,NA,0.7756,High
karthik.bhojan@office365demo.com;plant1.itfms@office365demo.com,Malicious URL reputation,Malicious URL reputation,1,NA,0.8643,High
karthika.v@office365demo.com,Malicious URL reputation,Malicious URL reputation,1,NA,0.7421,High
karthikeyan.palanisamy@office365demo.com,Malware,Malware,1,NA,0.8519,High
karthikeyan.sampathkumar@office365demo.com,Malware,Malware,1,NA,0.8076,High
kishorekumar.andrews@office365demo.com,Malware,Malware,1,NA,0.7695,High
kowsikan.rathinasamy@office365demo.com,Malware,Malware,1,NA,0.8043,High
kowsikan.rathinasamy@office365demo.com,Threats,Threats,1,NA,0.7333,High
kuppusamys@office365demo.com,Malware,Malware,1,NA,0.8365,High
lalit.mohan@office365demo.com,Malware,Malware,1,NA,0.7151,High
lalit.mohan@office365demo.com;kaushlendrasingh@office365demo.com,Malicious URL reputation,Malicious URL reputation,1,NA,0.8367,High
lib-finance@office365demo.com,Malware,Malware,1,NA,0.8629,High
libmcs@office365demo.com,Malware,Malware,1,NA,0.8568,High
liboffice@office365demo.com,Malware,Malware,1,NA,0.7926,High
libpurchase@office365demo.com,Malware,Malware,1,NA,0.7403,High
magesh.subramanian@office365demo.com,Malware,Malware,1,NA,0.7812,High
mahendran.krishnasamy@office365demo.com,Malware,Malware,1,NA,0.8055,High
mahendran.krishnasamy@office365demo.com;manishnangia@office365demo.com,Malicious URL reputation,Malicious URL reputation,1,NA,0.8454,High
malarvalan1224@gmail.com,Malicious URL reputation,Malicious URL reputation,1,NA,0.7656,High
manikandan.rajamani@office365demo.com,Malware,Malware,1,NA,0.7702,High
manikandan.sethuraajan@office365demo.com,Malicious URL reputation,Malicious URL reputation,1,NA,0.8645,High
mansoorahamed.musthafa@office365demo.com,Malware,Malware,1,NA,0.7682,High
maruthachalam.palaniappan@office365demo.com,Malware,Malware,1,NA,0.7442,High
mohan.krishnan@office365demo.com,Malware,Malware,1,NA,0.7346,High
mohanraj.muthuswamy@office365demo.com,Malware,Malware,1,NA,0.7583,High
mohmmdyunus@office365demo.com,Malware,Malware,1,NA,0.8056,High
mukeshkumar.nagalingam@office365demo.com;vigneshkumar.thanikasalam@office365demo.com,Malicious URL reputation,Malicious URL reputation,1,NA,0.7584,High
munichamy.gurusamy@office365demo.com,Malware,Malware,1,NA,0.793,High
murali.ranganathan@office365demo.com,Malware,Malware,1,NA,0.8072,High
murali.ranganathan@office365demo.com,Threats,Threats,1,NA,0.8335,High
murugesan.velayutham@office365demo.com,Malware,Malware,1,NA,0.8093,High
muthukumar.vellingiri@office365demo.com,Malware,Malware,1,NA,0.7175,High
namasivayam.jaganathan@office365demo.com,Brand impersonation,Brand impersonation,1,NA,0.8311,High
naveenkumar.r@office365demo.com,Malicious URL reputation,Malicious URL reputation,1,NA,0.7394,High
nilton.resende@office365demo.com,Malware,Malware,1,NA,0.7322,High
nishanth.vasanthan@office365demo.com,Threats,Threats,1,NA,0.7764,High
no-reply@dbmailer.pw,Malicious URL reputation,Malicious URL reputation,1,NA,0.7219,High
nopit@projectinquiry.pw,Malware,Malware,1,NA,0.8565,High
noreply@wetransfer.com,Malicious URL reputation,Malicious URL reputation,1,NA,0.8434,High
operationexcellent-1@office365demo.com,Malicious URL reputation,Malicious URL reputation,1,NA,0.7295,High
p3gatecontrol@office365demo.com,Malware,Malware,1,NA,0.7262,High
parameswaranar@office365demo.com,Malware,Malware,1,NA,0.83,High
partheeban.mariaxavier@office365demo.com,Malware,Malware,1,NA,0.7337,High
pasupathy.ramadas@office365demo.com,Malware,Malware,1,NA,0.8341,High
patsorn@stone-icon.com,Malware,Malware,1,NA,0.8193,High
plant1.itfms@office365demo.com,Malware,Malware,1,NA,0.8538,High
plant1.itfms@office365demo.com,Threats,Threats,1,NA,0.8272,High
plant2@office365demo.com,Malware,Malware,1,NA,0.8636,High
plant3fr@office365demo.com,Malware,Malware,1,NA,0.864,High
plant7@office365demo.com,Malware,Malware,1,NA,0.8572,High
prabhakaran.sundarapandian@office365demo.com,Malware,Malware,1,NA,0.7365,High
prabhu.nandhi@office365demo.com;tvs_bd@office365demo.com,Brand impersonation,Brand impersonation,1,NA,0.7557,High
prabhu.nandhi@office365demo.com,Threats,Threats,1,NA,0.7465,High
prabhudev.vijayan@office365demo.com,Brand impersonation,Brand impersonation,1,NA,0.8149,High
prabu.subramanian@office365demo.com,Malware,Malware,1,NA,0.7524,High
pradeep.vijayan@office365demo.com,Malware,Malware,1,NA,0.8644,High
prakash.ponnusamy@office365demo.com,Malware,Malware,1,NA,0.7449,High
pravin@office365demo.com,Malicious URL reputation,Malicious URL reputation,1,NA,0.7941,High
premramesh.sk@office365demo.com,Malicious URL reputation,Malicious URL reputation,1,NA,0.8629,High
ptyagi@office365demo.com,Malware,Malware,1,NA,0.7375,High
qe-giipumps@office365demo.com,Malware,Malware,1,NA,0.7855,High
radheeshbabu@office365demo.com,Threats,Threats,1,NA,0.7243,High
rajagopal@office365demo.com,Malware,Malware,1,NA,0.8266,High
rajagopalan.ponnusamy@office365demo.com,Threats,Threats,1,NA,0.7224,High
rajanrk@office365demo.com,Malicious URL reputation,Malicious URL reputation,1,NA,0.7636,High
rajasekaran.mohanakrishnan@office365demo.com,Malware,Malware,1,NA,0.7494,High
rajendran.rangaraju@office365demo.com;ravi.balasubramaniam@office365demo.com,Malicious URL reputation,Malicious URL reputation,1,NA,0.8412,High
rajeshwari.gopal@office365demo.com,Malicious URL reputation,Malicious URL reputation,1,NA,0.8615,High
rajiv.saxena@office365demo.com,Malicious URL reputation,Malicious URL reputation,1,NA,0.8123,High
rajivgandhi.venugopal@office365demo.com,Malware,Malware,1,NA,0.827,High
rakesh.sharma@office365demo.com,Malware,Malware,1,NA,0.796,High
ramanathan.jayakumar@office365demo.com,Malware,Malware,1,NA,0.797,High
ramaraj.govindaraj@office365demo.com,Malware,Malware,1,NA,0.7587,High
ramasubramania.raja@office365demo.com,Malware,Malware,1,NA,0.84,High
ramathilak@office365demo.com,Malware,Malware,1,NA,0.7498,High
ramesh.desingh@office365demo.com,Malware,Malware,1,NA,0.7597,High
ramkumar.ramasamy@office365demo.com,Malicious URL reputation,Malicious URL reputation,1,NA,0.8503,High
ramkumar.ramasamy@office365demo.com,Threats,Threats,1,NA,0.8191,High
ramkumar.somasundaram@office365demo.com,Malware,Malware,1,NA,0.7623,High
rathinaraja.ayyamperumal@office365demo.com,Brand impersonation,Brand impersonation,1,NA,0.748,High
ravikumar.rathinavelu@office365demo.com,Malware,Malware,1,NA,0.8149,High
rodrigo.nunes@office365demo.com,Malware,Malware,1,NA,0.7354,High
sachin.tyagi@office365demo.com,Threats,Threats,1,NA,0.816,High
sadham.jahir@office365demo.com,Malware,Malware,1,NA,0.7561,High
sakthivel.venkatachalam@office365demo.com,Malware,Malware,1,NA,0.7905,High
sale@snaptv.me,Malware,Malware,1,NA,0.7963,High
saleemrajaa@office365demo.com,Malicious URL reputation,Malicious URL reputation,1,NA,0.748,High
sales@jindaqiye.com.cn,Malware,Malware,1,NA,0.8627,High
salescoordinator@office365demo.com,Malware,Malware,1,NA,0.8298,High
sampat.gunjawate@office365demo.com,Malware,Malware,1,NA,0.8384,High
sampathkumar.g@office365demo.com,Malware,Malware,1,NA,0.786,High
sampathkumar.ganesan@office365demo.com,Malware,Malware,1,NA,0.8218,High
sampathkumar.natarajan@office365demo.com;praveenraj.senthilkumar@office365demo.com,Malicious URL reputation,Malicious URL reputation,1,NA,0.7282,High
sampathv@office365demo.com,Malware,Malware,1,NA,0.8268,High
sanat@office365demo.com,Malware,Malware,1,NA,0.7364,High
sandeep.joshi@office365demo.com,Malware,Malware,1,NA,0.7574,High
sandeep@office365demo.com,Malware,Malware,1,NA,0.7366,High
sangram.jadhav@office365demo.com,Malware,Malware,1,NA,0.8593,High
sanjeev.kumar@office365demo.com,Malware,Malware,1,NA,0.8082,High
sanjeevgaur@office365demo.com,Malware,Malware,1,NA,0.8456,High
santhosh.venkatesan@office365demo.com,Malware,Malware,1,NA,0.8285,High
santhoshkumar.thiyagarajan@office365demo.com,Malware,Malware,1,NA,0.8004,High
saran.karthi@postiefs.com,Malicious URL reputation,Malicious URL reputation,1,NA,0.7375,High
saravanaa.ramasamy@office365demo.com,Malware,Malware,1,NA,0.7229,High
saravanakumar.ranganathan@office365demo.com,Malware,Malware,1,NA,0.8495,High
saravanan.devaraj@office365demo.com,Malware,Malware,1,NA,0.8164,High
sarfaraj.ahamad@office365demo.com,Malware,Malware,1,NA,0.8425,High
satheesh.palanisamy@office365demo.com,Malware,Malware,1,NA,0.772,High
sathiyanarayanan.muthukrishnan@office365demo.com,Malware,Malware,1,NA,0.7598,High
sathyase@office365demo.com,Malware,Malware,1,NA,0.7151,High
sathyaseelan.duraisamy@office365demo.com,Malware,Malware,1,NA,0.8136,High
sathyaseeland@office365demo.com,Malicious URL reputation,Malicious URL reputation,1,NA,0.8629,High
satishkumar.nanjundan@office365demo.com,Malware,Malware,1,NA,0.7995,High
selma@egljkt.com,Malware,Malware,1,NA,0.717,High
selvarajk@office365demo.com,Malware,Malware,1,NA,0.7864,High
senthilmurugank@office365demo.com,Malware,Malware,1,NA,0.8347,High
senthilnathan.pachamuthu@office365demo.com,Malware,Malware,1,NA,0.809,High
senthilrpde@office365demo.com,Malware,Malware,1,NA,0.7879,High
shailendrajha@office365demo.com,Malware,Malware,1,NA,0.7377,High
shivrajtupe@office365demo.com,Malware,Malware,1,NA,0.8171,High
shripad.kalamdane@office365demo.com,Malicious URL reputation,Malicious URL reputation,1,NA,0.8609,High
shyamsundar.b@office365demo.com,Malware,Malware,1,NA,0.7481,High
siddharth.manoharan@office365demo.com,Malicious URL reputation,Malicious URL reputation,1,NA,0.8143,High
sivakumar.viswanathan@office365demo.com,Malware,Malware,1,NA,0.8403,High
sivasakthi.murugesan@office365demo.com,Malware,Malware,1,NA,0.8215,High
sivasankarankv@office365demo.com,Threats,Threats,1,NA,0.7378,High
sneha.devan@office365demo.com,Malware,Malware,1,NA,0.7805,High
snehasish.tripathy@office365demo.com,Malware,Malware,1,NA,0.7385,High
somasundaramn@office365demo.com,Malware,Malware,1,NA,0.8631,High
sougata.dey@office365demo.com,Malware,Malware,1,NA,0.7607,High
soundappan.arumugam@office365demo.com,Malware,Malware,1,NA,0.7692,High
spindlemanufacturingshop@office365demo.com,Malware,Malware,1,NA,0.7825,High
sridevip@office365demo.com,Malware,Malware,1,NA,0.8479,High
sridharj@office365demo.com,Brand impersonation,Brand impersonation,1,NA,0.8177,High
srikanth.ramabadran@office365demo.com,Malware,Malware,1,NA,0.8374,High
srikanth.veerappan@office365demo.com,Malware,Malware,1,NA,0.7182,High
srinivasan.raghavan@office365demo.com,Malware,Malware,1,NA,0.7249,High
srinivasan.sampath@office365demo.com,Malware,Malware,1,NA,0.818,High
sriram.boopathy@office365demo.com,Malware,Malware,1,NA,0.8386,High
sriram.gopalakrishnan@office365demo.com,Malware,Malware,1,NA,0.8526,High
sriram.rajagopalan@office365demo.com,Malware,Malware,1,NA,0.8582,High
subhash.chikane@office365demo.com,Malicious URL reputation,Malicious URL reputation,1,NA,0.7443,High
subramani.rajkumar@office365demo.com,Malware,Malware,1,NA,0.8203,High
sudarshan.sridhar@office365demo.com,Malicious URL reputation,Malicious URL reputation,1,NA,0.7183,High
sudarshan.sridhar@office365demo.com,Threats,Threats,1,NA,0.8271,High
sudhakars@office365demo.com,Malware,Malware,1,NA,0.8564,High
sugumar.vijayakumar@office365demo.com,Malware,Malware,1,NA,0.781,High
sugunaj@office365demo.com,Malware,Malware,1,NA,0.8102,High
sundar.selvaraj@office365demo.com,Malware,Malware,1,NA,0.7598,High
sundaresan.puranam@office365demo.com,Malware,Malware,1,NA,0.8054,High
support@dhl.com,Malware,Malware,1,NA,0.8127,High
support@office365demo.com,Malware,Malware,1,NA,0.726,High
suresh.adhikari@tatamotors.com,Malicious URL reputation,Malicious URL reputation,1,NA,0.7154,High
suresh.mariappan@office365demo.com,Malware,Malware,1,NA,0.774,High
suresh.rajendran@office365demo.com,Malware,Malware,1,NA,0.7331,High
suresh.subramani@office365demo.com,Malware,Malware,1,NA,0.7785,High
suresh.subramani@office365demo.com,Threats,Threats,1,NA,0.8082,High
sureshkumar.rangasamy@office365demo.com,Malware,Malware,1,NA,0.8057,High
sureshkumars@office365demo.com,Malware,Malware,1,NA,0.8339,High
sureshp@office365demo.com,Malware,Malware,1,NA,0.8287,High
suresht@office365demo.com,Malware,Malware,1,NA,0.7517,High
suriyakumar.munisamy@office365demo.com,Malware,Malware,1,NA,0.7687,High
sv223plastics@yahoo.com;info@svplastics.com;arulsvpssd@gmail.com,Malicious URL reputation,Malicious URL reputation,1,NA,0.7978,High
t-kawaguchi@comcell.co.jp,Malware,Malware,1,NA,0.8293,High
tarun@office365demo.com,Malware,Malware,1,NA,0.7559,High
tejpalsaini@office365demo.com,Malware,Malware,1,NA,0.7241,High
thamizhanban@office365demo.com,Malicious URL reputation,Malicious URL reputation,1,NA,0.8522,High
thangapandian.pandian@office365demo.com,Malware,Malware,1,NA,0.8461,High
thirunavukkarasu.periyasamy@office365demo.com,Malware,Malware,1,NA,0.7535,High
tvs_bd@office365demo.com,Threats,Threats,1,NA,0.7782,High
udhay@office365demo.com,Brand impersonation,Brand impersonation,1,NA,0.7976,High
vairamanikandan.ponniah@office365demo.com,Threats,Threats,1,NA,0.845,High
vanithamohan@office365demo.com,Malware,Malware,1,NA,0.7643,High
varadharajans@office365demo.com;travel.support@office365demo.com,Brand impersonation,Brand impersonation,1,NA,0.8076,High
velusamytp@office365demo.com,Malware,Malware,1,NA,0.7782,High
vendorsupport@office365demo.com,Malware,Malware,1,NA,0.7579,High
vigneshbabu.kuppusamy@office365demo.com,Malware,Malware,1,NA,0.8066,High
vigneshkumar.thanikasalam@office365demo.com,Malware,Malware,1,NA,0.7378,High
vijay.desai@office365demo.com,Malware,Malware,1,NA,0.7706,High
vijayakumar.subramanian@office365demo.com,Malicious URL reputation,Malicious URL reputation,1,NA,0.7164,High
vikram@office365demo.com,Malware,Malware,1,NA,0.7236,High
vikram@office365demo.com,Malware,Malware,1,NA,0.7388,High
vikram@office365demo.com,Threats,Threats,1,NA,0.7871,High
vinayakar.ponnaiah@office365demo.com,Malware,Malware,1,NA,0.8477,High
vinod.vijayaraghavan@office365demo.com,Malware,Malware,1,NA,0.7825,High
vinod@office365demo.com,Threats,Threats,1,NA,0.7573,High
vinodkumar.rajendran@office365demo.com,Malware,Malware,1,NA,0.8526,High
vinodkumars@office365demo.com,Threats,Threats,1,NA,0.7351,High
vinodyadav@office365demo.com,Brand impersonation,Brand impersonation,1,NA,0.8035,High
vishwapal.pawar@office365demo.com;satishkumar.rangasamy@office365demo.com;vt.doraiarasu@office365demo.com;suryakant.dash@office365demo.com;venkidupathi.balakrishnan@office365demo.com;prem.sharma@office365demo.com,Malicious URL reputation,Malicious URL reputation,1,NA,0.8212,High
visveshvarenms@office365demo.com,Threats,Threats,1,NA,0.758,High
vivek.sharma@office365demo.com,Malware,Malware,1,NA,0.8379,High
vjmohan@office365demo.com,Malware,Malware,1,NA,0.7309,High
yuvaraj.narayanaswamy@office365demo.com,Threats,Threats,1,NA,0.8575,High
yuvaraja.kumar@office365demo.com,Malware,Malware,1,NA,0.7267,High
