UPN,Description,Description New,IP,Location,Date,Severity 
invent@contoso.com,Threats,Threats,103.5.112.163,NA,23-01-2020 02:41,High
city@contoso.com,Threats,Threats,103.5.112.163,NA,23-01-2020 01:55,High
chenthamil.krishnasamyperumal@contoso.com,Threats,Threats,103.5.112.163,NA,23-01-2020 01:55,High
hsr@colbd.net,Threats,Threats,0.0.0.0,NA,23-01-2020 01:22,High
sriram.rajagopalan@contoso.com,Threats,Threats,103.5.112.163,NA,23-01-2020 01:22,High
prabhu.nandhi@contoso.com,Threats,Threats,103.5.112.163,NA,23-01-2020 01:22,High
selvarajk@contoso.com,Threats,Threats,103.5.112.163,NA,23-01-2020 01:22,High
tvs_bd@contoso.com,Threats,Threats,103.5.112.163,NA,23-01-2020 01:22,High
ramathilak@contoso.com,Threats,Threats,103.5.112.163,NA,23-01-2020 01:22,High
sudarshan.sridhar@contoso.com,Threats,Threats,103.5.112.163,NA,23-01-2020 01:22,High
anandan.palanisamy@contoso.com,Threats,Threats,103.5.112.163,NA,23-01-2020 01:22,High
vairamanikandan.ponniah@contoso.com,Threats,Threats,103.5.112.163,NA,23-01-2020 01:22,High
nishanth.vasanthan@contoso.com,Threats,Threats,103.5.112.163,NA,23-01-2020 01:22,High
pradeep.vijayan@contoso.com,Threats,Threats,103.5.112.163,NA,23-01-2020 01:14,High
somasundaramn@contoso.com,Threats,Threats,103.5.112.163,NA,23-01-2020 01:07,High
sachin.tyagi@contoso.com,Threats,Threats,103.5.112.163,NA,23-01-2020 00:54,High
cs@contoso.com,Threats,Threats,103.5.112.163,NA,22-01-2020 21:41,High
thamizhanban@contoso.com,Threats,Threats,103.5.112.163,NA,22-01-2020 21:41,High
chenthamil.krishnasamyperumal@contoso.com,Threats,Threats,103.5.112.163,NA,22-01-2020 21:09,High
city@contoso.com,Threats,Threats,103.5.112.163,NA,22-01-2020 21:09,High
chenthamil.krishnasamyperumal@contoso.com,Threats,Threats,202.191.168.105,NA,22-01-2020 14:02,High
city@contoso.com,Threats,Threats,202.191.168.105,NA,22-01-2020 14:02,High
plant2@contoso.com,Threats,Threats,202.191.168.105,NA,22-01-2020 13:58,High
city@contoso.com,Threats,Threats,125.17.34.4,NA,22-01-2020 13:41,High
ajit.singh@contoso.com,Threats,Threats,103.5.112.163,NA,22-01-2020 12:48,High
chenthamil.krishnasamyperumal@contoso.com,Threats,Threats,103.5.112.163,NA,22-01-2020 12:32,High
city@contoso.com,Threats,Threats,103.5.112.163,NA,22-01-2020 12:32,High
invent@contoso.com,Threats,Threats,103.5.112.163,NA,22-01-2020 11:52,High
plant2@contoso.com,Threats,Threats,103.5.112.163,NA,22-01-2020 11:06,High
sureshp@contoso.com,Threats,Threats,103.5.112.163,NA,22-01-2020 10:19,High
city@contoso.com,Threats,Threats,202.191.168.105,NA,22-01-2020 10:19,High
chenthamil.krishnasamyperumal@contoso.com,Threats,Threats,202.191.168.105,NA,22-01-2020 10:19,High
city@contoso.com,Threats,Threats,103.5.112.163,NA,22-01-2020 09:46,High
customerservice@citibank.com,Threats,Threats,0.0.0.0,NA,22-01-2020 09:43,High
ganesh@contoso.com,Threats,Threats,103.5.112.163,NA,22-01-2020 09:43,High
chenthamil.krishnasamyperumal@contoso.com,Threats,Threats,202.191.168.105,NA,22-01-2020 09:41,High
city@contoso.com,Threats,Threats,202.191.168.105,NA,22-01-2020 09:41,High
invent@contoso.com,Threats,Threats,125.17.34.4,NA,22-01-2020 08:41,High
ashwani.dhiman@contoso.com,Threats,Threats,125.17.34.4,NA,22-01-2020 08:27,High
city@contoso.com,Threats,Threats,103.5.112.163,NA,22-01-2020 07:56,High
chenthamil.krishnasamyperumal@contoso.com,Threats,Threats,103.5.112.163,NA,22-01-2020 07:56,High
invent@contoso.com,Threats,Threats,103.5.112.163,NA,22-01-2020 07:41,High
city@contoso.com,Threats,Threats,103.5.112.163,NA,22-01-2020 06:39,High
sureshp@contoso.com,Threats,Threats,103.5.112.163,NA,22-01-2020 06:09,High
suresh.subramani@contoso.com,Threats,Threats,103.5.112.163,NA,22-01-2020 05:32,High
chenthamil.krishnasamyperumal@contoso.com,Threats,Threats,103.5.112.163,NA,22-01-2020 05:11,High
city@contoso.com,Threats,Threats,103.5.112.163,NA,22-01-2020 05:11,High
city@contoso.com,Threats,Threats,202.191.168.105,NA,22-01-2020 04:48,High
chandru.manoharan@contoso.com,Threats,Threats,202.191.168.105,NA,22-01-2020 04:26,High
plant1.itfms@contoso.com,Threats,Threats,202.191.168.105,NA,22-01-2020 04:26,High
ramkumar.ramasamy@contoso.com,Threats,Threats,103.5.112.163,NA,22-01-2020 04:05,High
plant1.itfms@contoso.com,Threats,Threats,103.5.112.163,NA,22-01-2020 04:05,High
chandramohanr@contoso.com,Threats,Threats,103.5.112.163,NA,22-01-2020 03:49,High
patsorn@stone-icon.com,Threats,Threats,0.0.0.0,NA,22-01-2020 03:03,High
ganesh@contoso.com,Threats,Threats,103.5.112.163,NA,22-01-2020 03:03,High
city@contoso.com,Threats,Threats,103.5.112.163,NA,22-01-2020 02:38,High
chenthamil.krishnasamyperumal@contoso.com,Threats,Threats,103.5.112.163,NA,22-01-2020 02:38,High
sureshp@contoso.com,Threats,Threats,103.5.112.163,NA,22-01-2020 01:51,High
plant3fr@contoso.com,Threats,Threats,103.5.112.163,NA,22-01-2020 01:08,High
vanithamohan@contoso.com,Threats,Threats,103.5.112.163,NA,22-01-2020 01:06,High
sureshp@contoso.com,Threats,Threats,103.5.112.163,NA,21-01-2020 23:27,High
plant2@contoso.com,Threats,Threats,103.5.112.163,NA,21-01-2020 23:16,High
jos@contoso.com,Threats,Threats,125.17.34.4,NA,21-01-2020 23:11,High
sureshp@contoso.com,Threats,Threats,103.5.112.163,NA,21-01-2020 22:55,High
city@contoso.com,Threats,Threats,103.5.112.163,NA,21-01-2020 13:25,High
thamizhanban@contoso.com,Threats,Threats,103.5.112.163,NA,21-01-2020 13:09,High
cs@contoso.com,Threats,Threats,103.5.112.163,NA,21-01-2020 13:09,High
sureshp@contoso.com,Threats,Threats,103.5.112.163,NA,21-01-2020 12:38,High
chenthamil.krishnasamyperumal@contoso.com,Threats,Threats,103.5.112.163,NA,21-01-2020 12:22,High
city@contoso.com,Threats,Threats,103.5.112.163,NA,21-01-2020 12:22,High
chenthamil.krishnasamyperumal@contoso.com,Threats,Threats,103.5.112.163,NA,21-01-2020 11:15,High
city@contoso.com,Threats,Threats,103.5.112.163,NA,21-01-2020 11:15,High
plant2@contoso.com,Threats,Threats,103.5.112.163,NA,21-01-2020 11:09,High
sureshp@contoso.com,Threats,Threats,103.5.112.163,NA,21-01-2020 10:44,High
hariharan.sundararajan@contoso.com,Threats,Threats,103.5.112.163,NA,21-01-2020 10:28,High
gokulraj.ponnusamy@contoso.com,Threats,Threats,103.5.112.163,NA,21-01-2020 10:25,High
rajagopalan.ponnusamy@contoso.com,Threats,Threats,103.5.112.163,NA,21-01-2020 10:25,High
yuvaraj.narayanaswamy@contoso.com,Threats,Threats,103.5.112.163,NA,21-01-2020 10:25,High
hariharan.tamilarasu@contoso.com,Threats,Threats,103.5.112.163,NA,21-01-2020 09:32,High
ganesan.rajen@contoso.com,Threats,Threats,103.5.112.163,NA,21-01-2020 09:13,High
dheerendra.kumar@contoso.com,Threats,Threats,103.5.112.163,NA,21-01-2020 08:27,High
dhanesh.joshi@contoso.com,Threats,Threats,103.5.112.163,NA,21-01-2020 08:27,High
dhanagopal.devaraj@contoso.com,Threats,Threats,103.5.112.163,NA,21-01-2020 08:27,High
dhamodharan.kesavan@contoso.com,Threats,Threats,103.5.112.163,NA,21-01-2020 08:27,High
devprakash@contoso.com,Threats,Threats,103.5.112.163,NA,21-01-2020 08:26,High
devender.kumar@contoso.com,Threats,Threats,103.5.112.163,NA,21-01-2020 08:26,High
deepak.jangra@contoso.com,Threats,Threats,103.5.112.163,NA,21-01-2020 08:23,High
selma@egljkt.com,Threats,Threats,0.0.0.0,NA,21-01-2020 08:23,High
deepak.kaswa@contoso.com,Threats,Threats,103.5.112.163,NA,21-01-2020 08:23,High
dalbiryadav@contoso.com,Threats,Threats,103.5.112.163,NA,21-01-2020 08:18,High
nopit@projectinquiry.pw,Threats,Threats,0.0.0.0,NA,21-01-2020 08:02,High
ganesh@contoso.com,Threats,Threats,103.5.112.163,NA,21-01-2020 08:02,High
invent@contoso.com,Threats,Threats,103.5.112.163,NA,21-01-2020 07:42,High
sureshp@contoso.com,Threats,Threats,103.5.112.163,NA,21-01-2020 07:26,High
ashishsrivastava@contoso.com,Threats,Threats,103.5.112.163,NA,21-01-2020 07:17,High
arunkumar.sekar@contoso.com,Threats,Threats,103.5.112.163,NA,21-01-2020 07:16,High
chenthamil.krishnasamyperumal@contoso.com,Threats,Threats,103.5.112.163,NA,21-01-2020 07:02,High
city@contoso.com,Threats,Threats,103.5.112.163,NA,21-01-2020 07:02,High
amit2.jadhav@contoso.com,Threats,Threats,103.5.112.163,NA,21-01-2020 07:01,High
amit.waghmare@contoso.com,Threats,Threats,103.5.112.163,NA,21-01-2020 07:01,High
nopit@projectinquiry.pw,Threats,Threats,0.0.0.0,NA,21-01-2020 06:56,High
rajanrk@contoso.com,Threats,Threats,202.191.168.105,NA,21-01-2020 06:56,High
rajagopal@contoso.com,Threats,Threats,202.191.168.105,NA,21-01-2020 06:56,High
shyamsundar.b@contoso.com,Threats,Threats,202.191.168.105,NA,21-01-2020 06:56,High
vinodkumars@contoso.com,Threats,Threats,202.191.168.105,NA,21-01-2020 06:56,High
invent@contoso.com,Threats,Threats,202.191.168.105,NA,21-01-2020 06:56,High
nopit@projectinquiry.pw,Threats,Threats,0.0.0.0,NA,21-01-2020 06:56,High
vinod@contoso.com,Threats,Threats,202.191.168.105,NA,21-01-2020 06:56,High
visveshvarenms@contoso.com,Threats,Threats,202.191.168.105,NA,21-01-2020 06:56,High
radheeshbabu@contoso.com,Threats,Threats,202.191.168.105,NA,21-01-2020 06:56,High
sivasankarankv@contoso.com,Threats,Threats,202.191.168.105,NA,21-01-2020 06:56,High
kuppusamys@contoso.com,Threats,Threats,202.191.168.105,NA,21-01-2020 06:56,High
vanithamohan@contoso.com,Threats,Threats,103.5.112.163,NA,21-01-2020 06:55,High
ajay.singh@contoso.com,Threats,Threats,103.5.112.163,NA,21-01-2020 06:52,High
city@contoso.com,Threats,Threats,103.5.112.163,NA,21-01-2020 06:45,High
plant2@contoso.com,Threats,Threats,103.5.112.163,NA,21-01-2020 06:41,High
city@contoso.com,Threats,Threats,103.5.112.163,NA,21-01-2020 06:33,High
liboffice@contoso.com,Threats,Threats,103.5.112.163,NA,21-01-2020 06:19,High
city@contoso.com,Threats,Threats,103.5.112.163,NA,21-01-2020 06:01,High
chenthamil.krishnasamyperumal@contoso.com,Threats,Threats,103.5.112.163,NA,21-01-2020 06:01,High
vinod.vijayaraghavan@contoso.com,Threats,Threats,103.5.112.163,NA,21-01-2020 05:49,High
libmcs@contoso.com,Threats,Threats,103.5.112.163,NA,21-01-2020 05:48,High
kowsikan.rathinasamy@contoso.com,Threats,Threats,103.5.112.163,NA,21-01-2020 05:48,High
rajivgandhi.venugopal@contoso.com,Threats,Threats,103.5.112.163,NA,21-01-2020 05:48,High
sugunaj@contoso.com,Threats,Threats,103.5.112.163,NA,21-01-2020 05:48,High
karthick.muniyappan@contoso.com,Threats,Threats,103.5.112.163,NA,21-01-2020 05:47,High
chenthamil.krishnasamyperumal@contoso.com,Threats,Threats,103.5.112.163,NA,21-01-2020 05:24,High
city@contoso.com,Threats,Threats,103.5.112.163,NA,21-01-2020 05:24,High
ashwani.dhiman@contoso.com,Threats,Threats,103.5.112.163,NA,21-01-2020 05:19,High
anil.singh@contoso.com,Threats,Threats,103.5.112.163,NA,21-01-2020 05:16,High
vivek.sharma@contoso.com,Threats,Threats,103.5.112.163,NA,21-01-2020 05:16,High
mohmmdyunus@contoso.com,Threats,Threats,103.5.112.163,NA,21-01-2020 05:16,High
city@contoso.com,Threats,Threats,125.17.34.4,NA,21-01-2020 04:54,High
chenthamil.krishnasamyperumal@contoso.com,Threats,Threats,103.5.112.163,NA,21-01-2020 02:26,High
city@contoso.com,Threats,Threats,103.5.112.163,NA,21-01-2020 02:26,High
city@contoso.com,Threats,Threats,103.5.112.163,NA,21-01-2020 01:49,High
sale@snaptv.me,Threats,Threats,0.0.0.0,NA,21-01-2020 00:36,High
ganesh@contoso.com,Threats,Threats,103.5.112.163,NA,21-01-2020 00:36,High
chenthamil.krishnasamyperumal@contoso.com,Threats,Threats,202.191.168.105,NA,21-01-2020 00:28,High
city@contoso.com,Threats,Threats,202.191.168.105,NA,21-01-2020 00:28,High
thamizhanban@contoso.com,Threats,Threats,103.5.112.163,NA,21-01-2020 00:02,High
cs@contoso.com,Threats,Threats,103.5.112.163,NA,21-01-2020 00:02,High
sureshp@contoso.com,Threats,Threats,103.5.112.163,NA,20-01-2020 23:08,High
chenthamil.krishnasamyperumal@contoso.com,Threats,Threats,202.191.168.105,NA,20-01-2020 22:18,High
city@contoso.com,Threats,Threats,202.191.168.105,NA,20-01-2020 22:18,High
sales@jindaqiye.com.cn,Threats,Threats,0.0.0.0,NA,20-01-2020 22:16,High
ganesh@contoso.com,Threats,Threats,103.5.112.163,NA,20-01-2020 22:16,High
liboffice@contoso.com,Threats,Threats,202.191.168.105,NA,20-01-2020 19:51,High
plant2@contoso.com,Threats,Threats,103.5.112.163,NA,20-01-2020 18:19,High
jos@contoso.com,Threats,Threats,202.191.168.105,NA,20-01-2020 18:18,High
info@contoso.com,Threats,Threats,103.5.112.163,NA,20-01-2020 16:30,High
info@contoso.com,Threats,Threats,202.191.168.105,NA,20-01-2020 16:29,High
sureshp@contoso.com,Threats,Threats,202.191.168.105,NA,20-01-2020 13:58,High
chenthamil.krishnasamyperumal@contoso.com,Threats,Threats,103.5.112.163,NA,20-01-2020 09:50,High
city@contoso.com,Threats,Threats,103.5.112.163,NA,20-01-2020 09:50,High
admin.itax2@kra.go.ke,Threats,Threats,0.0.0.0,NA,20-01-2020 09:47,High
ganesh@contoso.com,Threats,Threats,103.5.112.163,NA,20-01-2020 09:47,High
invent@contoso.com,Threats,Threats,103.5.112.163,NA,20-01-2020 09:18,High
invent@contoso.com,Threats,Threats,103.5.112.163,NA,20-01-2020 09:15,High
arun.rajagopal@pricolasia.com,Threats,Threats,103.3.173.239,NA,20-01-2020 07:20,High
sureshp@contoso.com,Threats,Threats,202.191.168.105,NA,20-01-2020 07:20,High
chenthamil.krishnasamyperumal@contoso.com,Threats,Threats,103.5.112.163,NA,20-01-2020 06:57,High
city@contoso.com,Threats,Threats,103.5.112.163,NA,20-01-2020 06:57,High
support@dhl.com,Threats,Threats,0.0.0.0,NA,20-01-2020 06:40,High
ganesh@contoso.com,Threats,Threats,103.5.112.163,NA,20-01-2020 06:40,High
sureshp@contoso.com,Threats,Threats,103.5.112.163,NA,20-01-2020 06:39,High
sureshp@contoso.com,Threats,Threats,103.5.112.163,NA,20-01-2020 05:29,High
invent@contoso.com,Threats,Threats,103.5.112.163,NA,20-01-2020 05:29,High
sureshp@contoso.com,Threats,Threats,103.5.112.163,NA,20-01-2020 05:11,High
chenthamil.krishnasamyperumal@contoso.com,Threats,Threats,103.5.112.163,NA,20-01-2020 05:11,High
city@contoso.com,Threats,Threats,103.5.112.163,NA,20-01-2020 05:11,High
city@contoso.com,Threats,Threats,103.5.112.163,NA,20-01-2020 05:08,High
thamizhanban@contoso.com,Threats,Threats,202.191.168.105,NA,20-01-2020 05:04,High
cs@contoso.com,Threats,Threats,202.191.168.105,NA,20-01-2020 05:04,High
sureshp@contoso.com,Threats,Threats,103.5.112.163,NA,20-01-2020 04:48,High
sureshp@contoso.com,Threats,Threats,103.5.112.163,NA,20-01-2020 04:43,High
chenthamil.krishnasamyperumal@contoso.com,Threats,Threats,202.191.168.105,NA,20-01-2020 03:57,High
city@contoso.com,Threats,Threats,202.191.168.105,NA,20-01-2020 03:57,High
plant2@contoso.com,Threats,Threats,103.5.112.163,NA,20-01-2020 03:51,High
sureshp@contoso.com,Threats,Threats,202.191.168.105,NA,20-01-2020 03:43,High
city@contoso.com,Threats,Threats,202.191.168.105,NA,20-01-2020 03:42,High
chenthamil.krishnasamyperumal@contoso.com,Threats,Threats,202.191.168.105,NA,20-01-2020 03:42,High
plant2@contoso.com,Threats,Threats,202.191.168.105,NA,20-01-2020 03:36,High
city@contoso.com,Threats,Threats,202.191.168.105,NA,20-01-2020 03:15,High
chenthamil.krishnasamyperumal@contoso.com,Threats,Threats,202.191.168.105,NA,20-01-2020 03:15,High
plant2@contoso.com,Threats,Threats,103.5.112.163,NA,20-01-2020 03:08,High
vikram@contoso.com,Threats,Threats,103.5.112.163,NA,20-01-2020 02:48,High
vikram@pricol.com,Threats,Threats,103.5.112.163,NA,20-01-2020 02:48,High
sureshp@contoso.com,Threats,Threats,202.191.168.105,NA,20-01-2020 00:31,High
city@contoso.com,Threats,Threats,202.191.168.105,NA,19-01-2020 23:23,High
city@contoso.com,Threats,Threats,103.5.112.163,NA,19-01-2020 21:20,High
chenthamil.krishnasamyperumal@contoso.com,Threats,Threats,202.191.168.105,NA,18-01-2020 08:47,High
city@contoso.com,Threats,Threats,202.191.168.105,NA,18-01-2020 08:47,High
sudarshan.sridhar@contoso.com,Threats,Threats,202.191.168.105,NA,18-01-2020 08:01,High
prabhu.nandhi@contoso.com,Threats,Threats,202.191.168.105,NA,18-01-2020 08:01,High
sriram.rajagopalan@contoso.com,Threats,Threats,202.191.168.105,NA,18-01-2020 08:01,High
tvs_bd@contoso.com,Threats,Threats,202.191.168.105,NA,18-01-2020 08:01,High
selvarajk@contoso.com,Threats,Threats,202.191.168.105,NA,18-01-2020 08:01,High
ramathilak@contoso.com,Threats,Threats,202.191.168.105,NA,18-01-2020 08:01,High
anandan.palanisamy@contoso.com,Threats,Threats,202.191.168.105,NA,18-01-2020 08:01,High
nishanth.vasanthan@contoso.com,Threats,Threats,202.191.168.105,NA,18-01-2020 08:01,High
vairamanikandan.ponniah@contoso.com,Threats,Threats,202.191.168.105,NA,18-01-2020 08:01,High
somasundaramn@contoso.com,Threats,Threats,202.191.168.105,NA,18-01-2020 07:57,High
sureshp@contoso.com,Threats,Threats,125.17.34.4,NA,18-01-2020 07:01,High
pradeep.vijayan@contoso.com,Threats,Threats,125.17.34.4,NA,18-01-2020 06:51,High
sriram.gopalakrishnan@contoso.com,Threats,Threats,125.17.34.4,NA,18-01-2020 06:15,High
christopher.david@contoso.com,Threats,Threats,125.17.34.4,NA,18-01-2020 06:15,High
guruprasad.rajendran@contoso.com,Threats,Threats,125.17.34.4,NA,18-01-2020 06:15,High
rajanrk@contoso.com,Threats,Threats,125.17.34.4,NA,18-01-2020 06:15,High
murali.ranganathan@contoso.com,Threats,Threats,125.17.34.4,NA,18-01-2020 06:15,High
city@contoso.com,Threats,Threats,103.5.112.163,NA,18-01-2020 05:41,High
sureshp@contoso.com,Threats,Threats,202.191.168.105,NA,17-01-2020 08:56,High
chenthamil.krishnasamyperumal@contoso.com,Threats,Threats,202.191.168.105,NA,16-01-2020 23:49,High
city@contoso.com,Threats,Threats,202.191.168.105,NA,16-01-2020 23:49,High
antonyja@contoso.com,Threats,Threats,103.5.112.163,NA,16-01-2020 22:39,High
chenthamil.krishnasamyperumal@contoso.com,Threats,Threats,103.5.112.163,NA,16-01-2020 22:06,High
city@contoso.com,Threats,Threats,103.5.112.163,NA,16-01-2020 22:06,High
info@bhati.ml,Malicious URL reputation,Malicious URL reputation,255.255.255.255,NA,2020-01-21 09:22:07Z,High
saleemrajaa@contoso.com,Malicious URL reputation,Malicious URL reputation,103.5.112.163,NA,2020-01-06 10:52:17Z,High
arun.rajagopal@pricolasia.com,Malicious URL reputation,Malicious URL reputation,87.101.183.57,NA,2020-01-04 18:29:47Z,High
chandru.manoharan@contoso.com,Brand impersonation,Brand impersonation,202.191.168.105,NA,2020-01-22 09:52:11Z,High
plant1.itfms@contoso.com,Brand impersonation,Brand impersonation,202.191.168.105,NA,2020-01-22 09:52:11Z,High
karthik.bhojan@contoso.com,Malicious URL reputation,Malicious URL reputation,103.5.112.163,NA,2019-12-25 03:55:06Z,High
plant7@contoso.com,Malicious URL reputation,Malicious URL reputation,202.191.168.105,NA,2019-12-23 03:04:31Z,High
arulsakthivel.gopalan@contoso.com,Malicious URL reputation,Malicious URL reputation,103.5.112.163,NA,2020-01-09 10:31:32Z,High
vanithamohan@contoso.com,Brand impersonation,Brand impersonation,103.5.112.163,NA,2020-01-20 07:46:14Z,High
thamizhanban@contoso.com,Malicious URL reputation,Malicious URL reputation,202.191.168.105,NA,2020-01-22 13:29:09Z,High
sureshp@contoso.com,Malicious URL reputation,Malicious URL reputation,125.17.34.4,NA,2019-12-31 01:03:16Z,High
balajiv@contoso.com,Brand impersonation,Brand impersonation,125.17.34.4,NA,2020-01-18 06:41:11Z,High
sampathkumar.natarajan@contoso.com;praveenraj.senthilkumar@contoso.com,Malicious URL reputation,Malicious URL reputation,125.17.34.7,NA,2019-12-31 06:27:56Z,High
udhay@contoso.com,Brand impersonation,Brand impersonation,202.191.168.105,NA,2020-01-22 10:05:21Z,High
sureshp@contoso.com,Malicious URL reputation,Malicious URL reputation,125.17.34.4,NA,2019-12-24 05:48:38Z,High
kalaiselvan.avidaikkutty@contoso.com;vinodkumar.rajendran@contoso.com,Malicious URL reputation,Malicious URL reputation,125.17.34.7,NA,2020-01-01 07:16:10Z,High
dalbiryadav@contoso.com,Brand impersonation,Brand impersonation,202.191.168.105,NA,2019-12-31 07:12:43Z,High
kowsikan.rathinasamy@contoso.com,Malicious URL reputation,Malicious URL reputation,103.5.112.166,NA,2019-12-25 05:06:03Z,High
babu.rajendraprasad@pricolsurya.co.id,Malicious URL reputation,Malicious URL reputation,103.5.112.166,NA,2019-12-25 05:06:03Z,High
sureshp@contoso.com,Malicious URL reputation,Malicious URL reputation,202.191.168.105,NA,2020-01-02 19:27:13Z,High
plant2@contoso.com,Malicious URL reputation,Malicious URL reputation,103.5.112.163,NA,2020-01-06 16:52:36Z,High
prabhu.nandhi@contoso.com;tvs_bd@contoso.com,Brand impersonation,Brand impersonation,103.5.112.163,NA,2020-01-18 11:11:57Z,High
rodrigo.nunes@contoso.com,Malicious URL reputation,Malicious URL reputation,125.17.34.4,NA,2020-01-03 09:53:18Z,High
anil.singh@contoso.com,Malicious URL reputation,Malicious URL reputation,103.5.112.163,NA,2020-01-18 16:25:15Z,High
varadharajans@contoso.com;travel.support@contoso.com,Brand impersonation,Brand impersonation,103.5.112.163,NA,2020-01-03 05:11:40Z,High
invent@contoso.com,Malicious URL reputation,Malicious URL reputation,202.191.168.105,NA,2019-12-29 18:11:32Z,High
pravin@contoso.com,Brand impersonation,Brand impersonation,103.5.112.163,NA,2019-12-31 09:42:25Z,High
arulsakthivel.gopalan@contoso.com,Brand impersonation,Brand impersonation,103.5.112.163,NA,2019-12-31 09:42:25Z,High
farayi.zvavamwe@seedcogroup.com,Malicious URL reputation,Malicious URL reputation,255.255.255.255,NA,2020-01-06 17:53:04Z,High
deepakdhoundiyal@contoso.com;deepakbist@contoso.com;dheerendralohani@contoso.com,Malicious URL reputation,Malicious URL reputation,103.5.112.163,NA,2019-12-23 02:45:08Z,High
anil.singh@contoso.com,Malicious URL reputation,Malicious URL reputation,103.5.112.163,NA,2020-01-19 16:25:24Z,High
sathyaseeland@contoso.com,Malicious URL reputation,Malicious URL reputation,103.5.112.163,NA,2020-01-02 16:04:20Z,High
chandan.kumar@infocubesolution.com,Malicious URL reputation,Malicious URL reputation,255.255.255.255,NA,2019-12-23 02:57:58Z,High
sureshp@contoso.com,Malicious URL reputation,Malicious URL reputation,103.5.112.163,NA,2020-01-10 03:19:06Z,High
namasivayam.jaganathan@contoso.com,Brand impersonation,Brand impersonation,103.5.112.163,NA,2020-01-20 07:15:13Z,High
city@contoso.com,Malicious URL reputation,Malicious URL reputation,103.5.112.163,NA,2020-01-03 09:51:26Z,High
frontoffice@contoso.com,Brand impersonation,Brand impersonation,103.5.112.163,NA,2020-01-03 07:38:35Z,High
siddharth.manoharan@contoso.com,Malicious URL reputation,Malicious URL reputation,125.17.34.4,NA,2019-12-25 17:54:03Z,High
christopherjabarajd@contoso.com;guruprasad.rajendran@contoso.com;mohan.sivaraj@contoso.com;satishkumar.rangasamy@contoso.com;saravanan.mohan@contoso.com;kowsikan.rathinasamy@contoso.com,Malicious URL reputation,Malicious URL reputation,103.5.112.166,NA,2020-01-14 04:57:12Z,High
sudarshan.sridhar@contoso.com,Malicious URL reputation,Malicious URL reputation,103.5.112.166,NA,2020-01-14 04:54:26Z,High
noreply@wetransfer.com,Malicious URL reputation,Malicious URL reputation,255.255.255.255,NA,2020-01-03 09:52:21Z,High
invent@contoso.com,Malicious URL reputation,Malicious URL reputation,103.5.112.163,NA,2020-01-15 21:15:21Z,High
udhay@contoso.com,Brand impersonation,Brand impersonation,103.5.112.163,NA,2019-12-21 20:34:09Z,High
rajagopal@contoso.com,Malicious URL reputation,Malicious URL reputation,103.5.112.163,NA,2019-12-26 18:37:00Z,High
chandan.kumar@infocubesolution.com,Malicious URL reputation,Malicious URL reputation,255.255.255.255,NA,2019-12-23 02:58:02Z,High
sureshp@contoso.com,Malicious URL reputation,Malicious URL reputation,202.191.168.105,NA,2020-01-03 08:42:31Z,High
saravanakumar.ranganathan@contoso.com,Malware,Malware,103.5.112.163,NA,2020-01-14 08:08:06Z,High
sureshp@contoso.com,Malware,Malware,103.5.112.163,NA,2020-01-14 08:22:23Z,High
sureshp@contoso.com,Malware,Malware,103.5.112.163,NA,2020-01-14 08:33:13Z,High
sureshp@contoso.com,Malware,Malware,103.5.112.163,NA,2020-01-14 09:17:28Z,High
city@contoso.com,Malware,Malware,103.5.112.163,NA,2020-01-14 10:10:37Z,High
cs@contoso.com,Malware,Malware,125.17.34.4,NA,2020-01-14 10:38:45Z,High
karthikeyan.palanisamy@contoso.com,Malware,Malware,125.17.34.7,NA,2020-01-14 10:53:06Z,High
sivakumar.viswanathan@contoso.com,Malware,Malware,125.17.34.4,NA,2020-01-14 10:56:48Z,High
sureshp@contoso.com,Malware,Malware,125.17.34.4,NA,2020-01-14 13:04:35Z,High
chenthamil.krishnasamyperumal@contoso.com,Malware,Malware,103.5.112.163,NA,2020-01-14 13:24:35Z,High
chenthamil.krishnasamyperumal@contoso.com,Malware,Malware,125.17.34.4,NA,2020-01-14 13:34:49Z,High
ramanathan.jayakumar@pricolasia.com,Malware,Malware,192.206.5.187,NA,2020-01-14 14:07:02Z,High
vigneshkumar.thanikasalam@pricolasia.com,Malware,Malware,192.206.5.187,NA,2020-01-14 14:08:17Z,High
chithiraiselvi.rajan@pricolasia.com,Malware,Malware,192.206.5.187,NA,2020-01-14 14:16:08Z,High
chenthamil.krishnasamyperumal@contoso.com,Malware,Malware,103.5.112.163,NA,2020-01-14 14:50:51Z,High
sureshp@contoso.com,Malware,Malware,103.5.112.163,NA,2020-01-14 14:51:40Z,High
cs@contoso.com,Malware,Malware,103.5.112.163,NA,2020-01-14 14:53:51Z,High
city@contoso.com,Malware,Malware,103.5.112.163,NA,2020-01-14 16:02:29Z,High
sureshp@contoso.com,Malware,Malware,103.5.112.163,NA,2020-01-14 19:06:34Z,High
devaraj.balakrishnan@contoso.com,Malware,Malware,103.5.112.163,NA,2020-01-14 21:15:39Z,High
hariharan.tamilarasu@contoso.com,Malware,Malware,103.5.112.163,NA,2020-01-14 21:16:00Z,High
karthikeyan.sampathkumar@contoso.com,Malware,Malware,103.5.112.163,NA,2020-01-14 21:16:36Z,High
p3gatecontrol@contoso.com,Malware,Malware,103.5.112.163,NA,2020-01-14 21:17:14Z,High
prabu.subramanian@contoso.com,Malware,Malware,103.5.112.163,NA,2020-01-14 21:17:17Z,High
qe-giipumps@contoso.com,Malware,Malware,103.5.112.163,NA,2020-01-14 21:17:29Z,High
ramaraj.govindaraj@contoso.com,Malware,Malware,103.5.112.163,NA,2020-01-14 21:17:34Z,High
sadham.jahir@contoso.com,Malware,Malware,103.5.112.163,NA,2020-01-14 21:17:49Z,High
sampathkumar.g@contoso.com,Malware,Malware,103.5.112.163,NA,2020-01-14 21:18:03Z,High
sriram.boopathy@contoso.com,Malware,Malware,103.5.112.163,NA,2020-01-14 21:18:12Z,High
gowthaman.palaniswamy@contoso.com,Malware,Malware,103.5.112.163,NA,2020-01-14 21:19:53Z,High
gupta.svb@contoso.com,Malware,Malware,103.5.112.163,NA,2020-01-14 21:23:03Z,High
hamsarani.sathyanarayanan@contoso.com,Malware,Malware,103.5.112.163,NA,2020-01-14 21:26:30Z,High
hariharan.tamilarasu@contoso.com,Malware,Malware,103.5.112.163,NA,2020-01-14 21:27:52Z,High
hariharan.sundararajan@contoso.com,Malware,Malware,103.5.112.163,NA,2020-01-14 21:27:58Z,High
harishkumar.hooda@contoso.com,Malware,Malware,103.5.112.163,NA,2020-01-14 21:28:12Z,High
hemant.singh@contoso.com,Malware,Malware,103.5.112.163,NA,2020-01-14 21:32:03Z,High
hirandharan@contoso.com,Malware,Malware,202.191.168.105,NA,2020-01-14 21:34:28Z,High
dhamodharan.kesavan@contoso.com,Malware,Malware,103.5.112.163,NA,2020-01-14 21:37:08Z,High
mohan.krishnan@contoso.com,Malware,Malware,202.191.168.105,NA,2020-01-14 22:01:28Z,High
mohanraj.muthuswamy@contoso.com,Malware,Malware,103.5.112.163,NA,2020-01-14 22:01:44Z,High
mohmmdyunus@contoso.com,Malware,Malware,103.5.112.163,NA,2020-01-14 22:02:13Z,High
munichamy.gurusamy@contoso.com,Malware,Malware,103.5.112.163,NA,2020-01-14 22:17:31Z,High
muthukumar.vellingiri@contoso.com,Malware,Malware,103.5.112.163,NA,2020-01-14 22:19:25Z,High
arvind.bhuvad@contoso.com,Malware,Malware,103.5.112.163,NA,2020-01-14 22:59:39Z,High
ashwani.dhiman@contoso.com,Malware,Malware,103.5.112.163,NA,2020-01-15 00:25:57Z,High
ajit.singh@contoso.com,Malware,Malware,202.191.168.105,NA,2020-01-15 02:19:41Z,High
sakthivel.venkatachalam@pricolasia.com,Malware,Malware,72.52.145.161,NA,2020-01-15 03:18:43Z,High
arun.rajagopal@pricolasia.com,Malware,Malware,72.52.145.161,NA,2020-01-15 04:14:55Z,High
sureshp@contoso.com,Malware,Malware,103.5.112.163,NA,2020-01-15 05:46:33Z,High
sureshp@contoso.com,Malware,Malware,103.5.112.163,NA,2020-01-15 06:05:17Z,High
ajay.singh@contoso.com,Malware,Malware,103.5.112.163,NA,2020-01-15 06:11:33Z,High
amit.dixit@contoso.com,Malware,Malware,103.5.112.163,NA,2020-01-15 06:11:35Z,High
ankurrohilla@contoso.com,Malware,Malware,103.5.112.163,NA,2020-01-15 07:09:15Z,High
sampathkumar.ganesan@contoso.com,Malware,Malware,103.5.112.163,NA,2020-01-15 07:16:11Z,High
sampat.gunjawate@contoso.com,Malware,Malware,103.5.112.163,NA,2020-01-15 07:16:13Z,High
sandeep.joshi@contoso.com,Malware,Malware,103.5.112.163,NA,2020-01-15 07:16:48Z,High
aditya.sahasrabudhe@contoso.com,Malware,Malware,103.5.112.163,NA,2020-01-15 07:16:52Z,High
sandeep@contoso.com,Malware,Malware,103.5.112.163,NA,2020-01-15 07:16:59Z,High
sangram.jadhav@contoso.com,Malware,Malware,103.5.112.163,NA,2020-01-15 07:17:51Z,High
sanjeevgaur@contoso.com,Malware,Malware,103.5.112.163,NA,2020-01-15 07:18:33Z,High
sureshp@contoso.com,Malware,Malware,103.5.112.163,NA,2020-01-15 07:19:27Z,High
saravanan.devaraj@contoso.com,Malware,Malware,103.5.112.163,NA,2020-01-15 07:19:55Z,High
sarfaraj.ahamad@contoso.com,Malware,Malware,103.5.112.163,NA,2020-01-15 07:20:07Z,High
satheesh.palanisamy@contoso.com,Malware,Malware,103.5.112.163,NA,2020-01-15 07:20:49Z,High
christopherjabarajd@contoso.com,Malware,Malware,103.5.112.163,NA,2020-01-15 07:20:55Z,High
ramanathan.jayakumar@pricolasia.com,Malware,Malware,103.5.112.163,NA,2020-01-15 07:20:56Z,High
sathiyanarayanan.muthukrishnan@contoso.com,Malware,Malware,103.5.112.163,NA,2020-01-15 07:21:06Z,High
brennan@toryrust.com,Malware,Malware,255.255.255.255,NA,2020-01-15 07:21:08Z,High
satishkumar.nanjundan@contoso.com,Malware,Malware,103.5.112.163,NA,2020-01-15 07:21:14Z,High
senthilnathan.pachamuthu@contoso.com,Malware,Malware,103.5.112.163,NA,2020-01-15 07:28:12Z,High
sureshp@contoso.com,Malware,Malware,103.5.112.163,NA,2020-01-15 07:29:20Z,High
shailendrajha@contoso.com,Malware,Malware,103.5.112.163,NA,2020-01-15 07:40:45Z,High
shivrajtupe@contoso.com,Malware,Malware,103.5.112.163,NA,2020-01-15 07:46:47Z,High
investor@contoso.com,Malware,Malware,103.5.112.163,NA,2020-01-15 07:50:02Z,High
sivasakthi.murugesan@contoso.com,Malware,Malware,103.5.112.163,NA,2020-01-15 07:57:06Z,High
snehasish.tripathy@contoso.com,Malware,Malware,103.5.112.163,NA,2020-01-15 08:00:58Z,High
sougata.dey@contoso.com,Malware,Malware,103.5.112.163,NA,2020-01-15 08:04:07Z,High
sridevip@contoso.com,Malware,Malware,103.5.112.163,NA,2020-01-15 08:06:59Z,High
srikanth.ramabadran@contoso.com,Malware,Malware,103.5.112.163,NA,2020-01-15 08:07:03Z,High
srinivasan.raghavan@contoso.com,Malware,Malware,103.5.112.163,NA,2020-01-15 08:07:10Z,High
srinivasan.sampath@contoso.com,Malware,Malware,103.5.112.163,NA,2020-01-15 08:07:13Z,High
brennan@toryrust.com,Malware,Malware,255.255.255.255,NA,2020-01-15 08:07:15Z,High
sriram.rajagopalan@contoso.com,Malware,Malware,103.5.112.163,NA,2020-01-15 08:07:15Z,High
subramani.rajkumar@contoso.com,Malware,Malware,103.5.112.163,NA,2020-01-15 08:17:04Z,High
sundar.selvaraj@contoso.com,Malware,Malware,103.5.112.163,NA,2020-01-15 08:19:22Z,High
sundaresan.puranam@contoso.com,Malware,Malware,103.5.112.163,NA,2020-01-15 08:19:30Z,High
suresh.subramani@contoso.com,Malware,Malware,103.5.112.163,NA,2020-01-15 08:24:50Z,High
sureshkumar.rangasamy@contoso.com,Malware,Malware,103.5.112.163,NA,2020-01-15 08:24:59Z,High
suriyakumar.munisamy@contoso.com,Malware,Malware,103.5.112.163,NA,2020-01-15 08:25:06Z,High
brennan@toryrust.com,Malware,Malware,255.255.255.255,NA,2020-01-15 08:25:08Z,High
tarun@contoso.com,Malware,Malware,103.5.112.163,NA,2020-01-15 08:36:52Z,High
tejpalsaini@contoso.com,Malware,Malware,103.5.112.163,NA,2020-01-15 08:40:55Z,High
thangapandian.pandian@contoso.com,Malware,Malware,103.5.112.163,NA,2020-01-15 08:43:51Z,High
investor@contoso.com,Malware,Malware,103.5.112.163,NA,2020-01-15 09:21:51Z,High
chenthamil.krishnasamyperumal@contoso.com,Malware,Malware,103.5.112.163,NA,2020-01-15 10:13:26Z,High
sathyaseelan.duraisamy@contoso.com,Malware,Malware,103.5.112.163,NA,2020-01-15 10:15:14Z,High
investor@contoso.com,Malware,Malware,125.17.34.4,NA,2020-01-15 10:28:45Z,High
ramanathan.jayakumar@pricolasia.com,Malware,Malware,192.206.5.187,NA,2020-01-15 10:36:34Z,High
vigneshkumar.thanikasalam@pricolasia.com,Malware,Malware,192.206.5.187,NA,2020-01-15 10:39:00Z,High
chithiraiselvi.rajan@pricolasia.com,Malware,Malware,192.206.5.187,NA,2020-01-15 10:46:32Z,High
chenthamil.krishnasamyperumal@contoso.com,Malware,Malware,103.5.112.163,NA,2020-01-15 10:55:35Z,High
sureshp@contoso.com,Malware,Malware,103.5.112.163,NA,2020-01-15 11:48:14Z,High
chithiraiselvi.rajan@pricolasia.com,Malware,Malware,52.103.194.84,NA,2020-01-15 12:12:06Z,High
sureshp@contoso.com,Malware,Malware,103.5.112.163,NA,2020-01-15 14:29:14Z,High
city@contoso.com,Malware,Malware,103.5.112.163,NA,2020-01-15 16:12:40Z,High
sivakumar.viswanathan@contoso.com,Malware,Malware,103.5.112.163,NA,2020-01-15 17:00:57Z,High
vikram@contoso.com,Malware,Malware,103.5.112.163,NA,2020-01-15 17:46:13Z,High
sureshp@contoso.com,Malware,Malware,103.5.112.163,NA,2020-01-15 23:15:48Z,High
chenthamil.krishnasamyperumal@contoso.com,Malware,Malware,103.5.112.163,NA,2020-01-16 00:17:35Z,High
city@contoso.com,Malware,Malware,202.191.168.105,NA,2020-01-16 02:43:03Z,High
cs@contoso.com,Malware,Malware,103.5.112.163,NA,2020-01-16 02:48:33Z,High
sureshp@contoso.com,Malware,Malware,103.5.112.163,NA,2020-01-16 03:04:18Z,High
ganesh@contoso.com,Malware,Malware,103.5.112.163,NA,2020-01-16 03:11:19Z,High
sureshp@contoso.com,Malware,Malware,103.5.112.163,NA,2020-01-16 03:55:59Z,High
sureshp@contoso.com,Malware,Malware,103.5.112.163,NA,2020-01-16 03:58:05Z,High
libpurchase@contoso.com,Malware,Malware,103.5.112.163,NA,2020-01-16 04:19:49Z,High
cs@contoso.com,Malware,Malware,103.5.112.163,NA,2020-01-16 04:39:19Z,High
arun.rajagopal@pricolasia.com,Malware,Malware,23.235.221.123,NA,2020-01-16 05:09:53Z,High
plant2@contoso.com,Malware,Malware,103.5.112.163,NA,2020-01-16 05:43:23Z,High
spindlemanufacturingshop@contoso.com,Malware,Malware,125.17.34.4,NA,2020-01-16 05:47:52Z,High
chenthamil.krishnasamyperumal@contoso.com,Malware,Malware,103.5.112.163,NA,2020-01-16 07:33:18Z,High
akanksha.rathi@contoso.com,Malware,Malware,103.5.112.163,NA,2020-01-16 09:02:13Z,High
ankurrohilla@contoso.com,Malware,Malware,103.5.112.163,NA,2020-01-16 09:12:51Z,High
aditya.sahasrabudhe@contoso.com,Malware,Malware,103.5.112.163,NA,2020-01-16 09:23:28Z,High
arun.rajagopal@pricolasia.com,Malware,Malware,142.93.25.116,NA,2020-01-16 09:29:13Z,High
antonyja@contoso.com,Malware,Malware,103.5.112.163,NA,2020-01-16 09:41:09Z,High
chithiraiselvi.rajan@pricolasia.com,Malware,Malware,81.4.108.227,NA,2020-01-16 10:14:05Z,High
chenthamil.krishnasamyperumal@contoso.com,Malware,Malware,103.5.112.163,NA,2020-01-16 10:54:40Z,High
sakthivel.venkatachalam@pricolasia.com,Malware,Malware,142.93.25.116,NA,2020-01-16 11:06:34Z,High
salescoordinator@pricolasia.com,Malware,Malware,142.93.25.116,NA,2020-01-16 11:47:13Z,High
sureshp@contoso.com,Malware,Malware,103.5.112.163,NA,2020-01-16 12:24:38Z,High
rajagopal@contoso.com,Malware,Malware,103.5.112.163,NA,2020-01-16 12:53:54Z,High
sureshp@contoso.com,Malware,Malware,103.5.112.163,NA,2020-01-16 13:30:49Z,High
coordinator@pricolasia.com,Malware,Malware,23.235.221.123,NA,2020-01-16 16:43:43Z,High
chithiraiselvi.rajan@pricolasia.com,Malware,Malware,23.235.221.123,NA,2020-01-16 18:08:05Z,High
chenthamil.krishnasamyperumal@contoso.com,Malware,Malware,103.5.112.163,NA,2020-01-16 22:06:00Z,High
antonyja@contoso.com,Malware,Malware,103.5.112.163,NA,2020-01-16 22:39:29Z,High
chenthamil.krishnasamyperumal@contoso.com,Malware,Malware,202.191.168.105,NA,2020-01-16 23:49:48Z,High
sureshp@contoso.com,Malware,Malware,202.191.168.105,NA,2020-01-17 03:28:00Z,High
sureshp@contoso.com,Malware,Malware,103.5.112.163,NA,2020-01-17 04:07:07Z,High
suresh.subramani@contoso.com,Malware,Malware,103.5.112.163,NA,2020-01-17 07:00:47Z,High
chenthamil.krishnasamyperumal@contoso.com,Malware,Malware,125.17.34.4,NA,2020-01-17 07:41:31Z,High
sureshp@contoso.com,Malware,Malware,202.191.168.105,NA,2020-01-17 08:56:45Z,High
ganesh@contoso.com,Malware,Malware,202.191.168.105,NA,2020-01-17 12:41:29Z,High
city@contoso.com,Malware,Malware,103.5.112.163,NA,2020-01-18 05:41:36Z,High
sriram.gopalakrishnan@contoso.com,Malware,Malware,125.17.34.4,NA,2020-01-18 06:15:18Z,High
pradeep.vijayan@contoso.com,Malware,Malware,125.17.34.4,NA,2020-01-18 06:51:05Z,High
sureshp@contoso.com,Malware,Malware,125.17.34.4,NA,2020-01-18 07:01:04Z,High
somasundaramn@contoso.com,Malware,Malware,202.191.168.105,NA,2020-01-18 07:56:54Z,High
ramathilak@contoso.com,Malware,Malware,202.191.168.105,NA,2020-01-18 08:01:14Z,High
chenthamil.krishnasamyperumal@contoso.com,Malware,Malware,202.191.168.105,NA,2020-01-18 08:47:50Z,High
sureshp@contoso.com,Malware,Malware,103.5.112.163,NA,2020-01-19 07:40:37Z,High
city@contoso.com,Malware,Malware,202.191.168.105,NA,2020-01-19 23:22:56Z,High
ganesh@contoso.com,Malware,Malware,103.5.112.163,NA,2020-01-19 23:56:06Z,High
sureshp@contoso.com,Malware,Malware,202.191.168.105,NA,2020-01-20 00:31:22Z,High
vikram@contoso.com,Malware,Malware,103.5.112.163,NA,2020-01-20 02:48:31Z,High
city@contoso.com,Malware,Malware,103.5.112.163,NA,2020-01-20 03:01:42Z,High
plant2@contoso.com,Malware,Malware,103.5.112.163,NA,2020-01-20 03:08:39Z,High
chenthamil.krishnasamyperumal@contoso.com,Malware,Malware,202.191.168.105,NA,2020-01-20 03:15:09Z,High
plant2@contoso.com,Malware,Malware,202.191.168.105,NA,2020-01-20 03:36:04Z,High
chenthamil.krishnasamyperumal@contoso.com,Malware,Malware,202.191.168.105,NA,2020-01-20 03:42:03Z,High
sureshp@contoso.com,Malware,Malware,202.191.168.105,NA,2020-01-20 03:43:29Z,High
plant2@contoso.com,Malware,Malware,103.5.112.163,NA,2020-01-20 03:51:05Z,High
chenthamil.krishnasamyperumal@contoso.com,Malware,Malware,103.5.112.163,NA,2020-01-20 03:51:08Z,High
chenthamil.krishnasamyperumal@contoso.com,Malware,Malware,202.191.168.105,NA,2020-01-20 03:57:44Z,High
sureshp@contoso.com,Malware,Malware,103.5.112.163,NA,2020-01-20 04:43:49Z,High
sureshp@contoso.com,Malware,Malware,103.5.112.163,NA,2020-01-20 04:48:29Z,High
cs@contoso.com,Malware,Malware,202.191.168.105,NA,2020-01-20 05:04:08Z,High
city@contoso.com,Malware,Malware,103.5.112.163,NA,2020-01-20 05:08:04Z,High
chenthamil.krishnasamyperumal@contoso.com,Malware,Malware,103.5.112.163,NA,2020-01-20 05:11:10Z,High
sureshp@contoso.com,Malware,Malware,103.5.112.163,NA,2020-01-20 05:11:20Z,High
invent@contoso.com,Malware,Malware,103.5.112.163,NA,2020-01-20 05:28:51Z,High
sureshp@contoso.com,Malware,Malware,103.5.112.163,NA,2020-01-20 05:29:25Z,High
ganesh@contoso.com,Malware,Malware,103.5.112.163,NA,2020-01-20 05:39:20Z,High
sureshp@contoso.com,Malware,Malware,103.5.112.163,NA,2020-01-20 06:39:34Z,High
ganesh@contoso.com,Malware,Malware,103.5.112.163,NA,2020-01-20 06:40:23Z,High
support@dhl.com,Malware,Malware,255.255.255.255,NA,2020-01-20 06:40:29Z,High
chenthamil.krishnasamyperumal@contoso.com,Malware,Malware,103.5.112.163,NA,2020-01-20 06:56:55Z,High
sureshp@contoso.com,Malware,Malware,202.191.168.105,NA,2020-01-20 07:20:26Z,High
arun.rajagopal@pricolasia.com,Malware,Malware,103.3.173.239,NA,2020-01-20 07:20:30Z,High
suresh.subramani@contoso.com,Malware,Malware,103.5.112.163,NA,2020-01-20 07:37:22Z,High
plant2@contoso.com,Malware,Malware,103.5.112.163,NA,2020-01-20 09:15:17Z,High
invent@contoso.com,Malware,Malware,103.5.112.163,NA,2020-01-20 09:15:30Z,High
plant2@contoso.com,Malware,Malware,103.5.112.163,NA,2020-01-20 09:17:06Z,High
plant2@contoso.com,Malware,Malware,103.5.112.163,NA,2020-01-20 09:17:43Z,High
invent@contoso.com,Malware,Malware,103.5.112.163,NA,2020-01-20 09:18:41Z,High
plant2@contoso.com,Malware,Malware,103.5.112.163,NA,2020-01-20 09:19:17Z,High
chenthamil.krishnasamyperumal@contoso.com,Malware,Malware,103.5.112.163,NA,2020-01-20 09:21:36Z,High
chenthamil.krishnasamyperumal@contoso.com,Malware,Malware,103.5.112.163,NA,2020-01-20 09:22:54Z,High
chenthamil.krishnasamyperumal@contoso.com,Malware,Malware,103.5.112.163,NA,2020-01-20 09:23:32Z,High
chenthamil.krishnasamyperumal@contoso.com,Malware,Malware,103.5.112.163,NA,2020-01-20 09:25:09Z,High
sureshp@contoso.com,Malware,Malware,103.5.112.163,NA,2020-01-20 09:33:58Z,High
ganesh@contoso.com,Malware,Malware,103.5.112.163,NA,2020-01-20 09:46:59Z,High
admin.itax2@kra.go.ke,Malware,Malware,255.255.255.255,NA,2020-01-20 09:47:02Z,High
chenthamil.krishnasamyperumal@contoso.com,Malware,Malware,103.5.112.163,NA,2020-01-20 09:50:18Z,High
sureshp@contoso.com,Malware,Malware,125.17.34.4,NA,2020-01-20 10:52:51Z,High
sureshp@contoso.com,Malware,Malware,125.17.34.4,NA,2020-01-20 10:52:54Z,High
sureshp@contoso.com,Malware,Malware,125.17.34.4,NA,2020-01-20 10:52:56Z,High
sureshp@contoso.com,Malware,Malware,125.17.34.4,NA,2020-01-20 10:53:00Z,High
chenthamil.krishnasamyperumal@contoso.com,Malware,Malware,103.5.112.163,NA,2020-01-20 11:03:11Z,High
chenthamil.krishnasamyperumal@contoso.com,Malware,Malware,202.191.168.105,NA,2020-01-20 11:14:49Z,High
ganesh@contoso.com,Malware,Malware,202.191.168.105,NA,2020-01-20 12:18:38Z,High
sureshp@contoso.com,Malware,Malware,202.191.168.105,NA,2020-01-20 13:58:12Z,High
info@contoso.com,Malware,Malware,202.191.168.105,NA,2020-01-20 16:29:36Z,High
info@contoso.com,Malware,Malware,103.5.112.163,NA,2020-01-20 16:30:53Z,High
jos@contoso.com,Malware,Malware,202.191.168.105,NA,2020-01-20 18:18:51Z,High
plant2@contoso.com,Malware,Malware,103.5.112.163,NA,2020-01-20 18:19:12Z,High
ganesh@contoso.com,Malware,Malware,202.191.168.105,NA,2020-01-20 18:33:43Z,High
liboffice@contoso.com,Malware,Malware,202.191.168.105,NA,2020-01-20 19:50:58Z,High
ganesh@contoso.com,Malware,Malware,103.5.112.163,NA,2020-01-20 22:16:28Z,High
sales@jindaqiye.com.cn,Malware,Malware,255.255.255.255,NA,2020-01-20 22:16:35Z,High
chenthamil.krishnasamyperumal@contoso.com,Malware,Malware,202.191.168.105,NA,2020-01-20 22:18:52Z,High
sureshp@contoso.com,Malware,Malware,103.5.112.163,NA,2020-01-20 23:08:30Z,High
cs@contoso.com,Malware,Malware,103.5.112.163,NA,2020-01-21 00:01:58Z,High
chenthamil.krishnasamyperumal@contoso.com,Malware,Malware,202.191.168.105,NA,2020-01-21 00:28:29Z,High
ganesh@contoso.com,Malware,Malware,103.5.112.163,NA,2020-01-21 00:36:27Z,High
sale@snaptv.me,Malware,Malware,255.255.255.255,NA,2020-01-21 00:36:30Z,High
city@contoso.com,Malware,Malware,103.5.112.163,NA,2020-01-21 01:49:41Z,High
chenthamil.krishnasamyperumal@contoso.com,Malware,Malware,103.5.112.163,NA,2020-01-21 02:05:12Z,High
chenthamil.krishnasamyperumal@contoso.com,Malware,Malware,103.5.112.163,NA,2020-01-21 02:26:52Z,High
city@contoso.com,Malware,Malware,125.17.34.4,NA,2020-01-21 04:53:57Z,High
mohmmdyunus@contoso.com,Malware,Malware,103.5.112.163,NA,2020-01-21 05:15:55Z,High
vivek.sharma@contoso.com,Malware,Malware,103.5.112.163,NA,2020-01-21 05:15:57Z,High
anil.singh@contoso.com,Malware,Malware,103.5.112.163,NA,2020-01-21 05:16:26Z,High
chenthamil.krishnasamyperumal@contoso.com,Malware,Malware,202.191.168.105,NA,2020-01-22 14:02:04Z,High
